/mnt/deepspeech2_data/voxforge_dataset/wav/cmu_us_bdl_arctic_arctic_b0454.wav,/mnt/deepspeech2_data/voxforge_dataset/txt/cmu_us_bdl_arctic_arctic_b0454.txt
/mnt/deepspeech2_data/voxforge_dataset/wav/cmu_us_bdl_arctic_arctic_a0005.wav,/mnt/deepspeech2_data/voxforge_dataset/txt/cmu_us_bdl_arctic_arctic_a0005.txt
/mnt/deepspeech2_data/voxforge_dataset/wav/cmu_us_bdl_arctic_arctic_b0154.wav,/mnt/deepspeech2_data/voxforge_dataset/txt/cmu_us_bdl_arctic_arctic_b0154.txt
/mnt/deepspeech2_data/voxforge_dataset/wav/cmu_us_bdl_arctic_arctic_b0025.wav,/mnt/deepspeech2_data/voxforge_dataset/txt/cmu_us_bdl_arctic_arctic_b0025.txt
/mnt/deepspeech2_data/voxforge_dataset/wav/cmu_us_bdl_arctic_arctic_b0449.wav,/mnt/deepspeech2_data/voxforge_dataset/txt/cmu_us_bdl_arctic_arctic_b0449.txt
/mnt/deepspeech2_data/voxforge_dataset/wav/cmu_us_bdl_arctic_arctic_b0003.wav,/mnt/deepspeech2_data/voxforge_dataset/txt/cmu_us_bdl_arctic_arctic_b0003.txt
/mnt/deepspeech2_data/voxforge_dataset/wav/cmu_us_bdl_arctic_arctic_a0236.wav,/mnt/deepspeech2_data/voxforge_dataset/txt/cmu_us_bdl_arctic_arctic_a0236.txt
/mnt/deepspeech2_data/voxforge_dataset/wav/cmu_us_bdl_arctic_arctic_b0245.wav,/mnt/deepspeech2_data/voxforge_dataset/txt/cmu_us_bdl_arctic_arctic_b0245.txt
/mnt/deepspeech2_data/voxforge_dataset/wav/cmu_us_bdl_arctic_arctic_b0054.wav,/mnt/deepspeech2_data/voxforge_dataset/txt/cmu_us_bdl_arctic_arctic_b0054.txt
/mnt/deepspeech2_data/voxforge_dataset/wav/cmu_us_bdl_arctic_arctic_b0357.wav,/mnt/deepspeech2_data/voxforge_dataset/txt/cmu_us_bdl_arctic_arctic_b0357.txt
/mnt/deepspeech2_data/voxforge_dataset/wav/cmu_us_bdl_arctic_arctic_b0283.wav,/mnt/deepspeech2_data/voxforge_dataset/txt/cmu_us_bdl_arctic_arctic_b0283.txt
/mnt/deepspeech2_data/voxforge_dataset/wav/cmu_us_bdl_arctic_arctic_b0173.wav,/mnt/deepspeech2_data/voxforge_dataset/txt/cmu_us_bdl_arctic_arctic_b0173.txt
/mnt/deepspeech2_data/voxforge_dataset/wav/cmu_us_bdl_arctic_arctic_a0150.wav,/mnt/deepspeech2_data/voxforge_dataset/txt/cmu_us_bdl_arctic_arctic_a0150.txt
/mnt/deepspeech2_data/voxforge_dataset/wav/cmu_us_bdl_arctic_arctic_a0031.wav,/mnt/deepspeech2_data/voxforge_dataset/txt/cmu_us_bdl_arctic_arctic_a0031.txt
/mnt/deepspeech2_data/voxforge_dataset/wav/cmu_us_bdl_arctic_arctic_b0175.wav,/mnt/deepspeech2_data/voxforge_dataset/txt/cmu_us_bdl_arctic_arctic_b0175.txt
/mnt/deepspeech2_data/voxforge_dataset/wav/cmu_us_bdl_arctic_arctic_a0445.wav,/mnt/deepspeech2_data/voxforge_dataset/txt/cmu_us_bdl_arctic_arctic_a0445.txt
/mnt/deepspeech2_data/voxforge_dataset/wav/cmu_us_bdl_arctic_arctic_a0296.wav,/mnt/deepspeech2_data/voxforge_dataset/txt/cmu_us_bdl_arctic_arctic_a0296.txt
/mnt/deepspeech2_data/voxforge_dataset/wav/cmu_us_bdl_arctic_arctic_a0526.wav,/mnt/deepspeech2_data/voxforge_dataset/txt/cmu_us_bdl_arctic_arctic_a0526.txt
/mnt/deepspeech2_data/voxforge_dataset/wav/cmu_us_bdl_arctic_arctic_b0195.wav,/mnt/deepspeech2_data/voxforge_dataset/txt/cmu_us_bdl_arctic_arctic_b0195.txt
/mnt/deepspeech2_data/voxforge_dataset/wav/cmu_us_bdl_arctic_arctic_a0279.wav,/mnt/deepspeech2_data/voxforge_dataset/txt/cmu_us_bdl_arctic_arctic_a0279.txt
/mnt/deepspeech2_data/voxforge_dataset/wav/cmu_us_bdl_arctic_arctic_a0470.wav,/mnt/deepspeech2_data/voxforge_dataset/txt/cmu_us_bdl_arctic_arctic_a0470.txt
/mnt/deepspeech2_data/voxforge_dataset/wav/cmu_us_bdl_arctic_arctic_b0117.wav,/mnt/deepspeech2_data/voxforge_dataset/txt/cmu_us_bdl_arctic_arctic_b0117.txt
/mnt/deepspeech2_data/voxforge_dataset/wav/cmu_us_bdl_arctic_arctic_b0193.wav,/mnt/deepspeech2_data/voxforge_dataset/txt/cmu_us_bdl_arctic_arctic_b0193.txt
/mnt/deepspeech2_data/voxforge_dataset/wav/cmu_us_bdl_arctic_arctic_b0026.wav,/mnt/deepspeech2_data/voxforge_dataset/txt/cmu_us_bdl_arctic_arctic_b0026.txt
/mnt/deepspeech2_data/voxforge_dataset/wav/cmu_us_bdl_arctic_arctic_b0023.wav,/mnt/deepspeech2_data/voxforge_dataset/txt/cmu_us_bdl_arctic_arctic_b0023.txt
/mnt/deepspeech2_data/voxforge_dataset/wav/cmu_us_bdl_arctic_arctic_b0344.wav,/mnt/deepspeech2_data/voxforge_dataset/txt/cmu_us_bdl_arctic_arctic_b0344.txt
/mnt/deepspeech2_data/voxforge_dataset/wav/cmu_us_bdl_arctic_arctic_a0551.wav,/mnt/deepspeech2_data/voxforge_dataset/txt/cmu_us_bdl_arctic_arctic_a0551.txt
/mnt/deepspeech2_data/voxforge_dataset/wav/cmu_us_bdl_arctic_arctic_a0181.wav,/mnt/deepspeech2_data/voxforge_dataset/txt/cmu_us_bdl_arctic_arctic_a0181.txt
/mnt/deepspeech2_data/voxforge_dataset/wav/cmu_us_bdl_arctic_arctic_a0278.wav,/mnt/deepspeech2_data/voxforge_dataset/txt/cmu_us_bdl_arctic_arctic_a0278.txt
/mnt/deepspeech2_data/voxforge_dataset/wav/cmu_us_bdl_arctic_arctic_b0196.wav,/mnt/deepspeech2_data/voxforge_dataset/txt/cmu_us_bdl_arctic_arctic_b0196.txt
/mnt/deepspeech2_data/voxforge_dataset/wav/cmu_us_bdl_arctic_arctic_b0514.wav,/mnt/deepspeech2_data/voxforge_dataset/txt/cmu_us_bdl_arctic_arctic_b0514.txt
/mnt/deepspeech2_data/voxforge_dataset/wav/cmu_us_bdl_arctic_arctic_a0521.wav,/mnt/deepspeech2_data/voxforge_dataset/txt/cmu_us_bdl_arctic_arctic_a0521.txt
/mnt/deepspeech2_data/voxforge_dataset/wav/cmu_us_bdl_arctic_arctic_b0265.wav,/mnt/deepspeech2_data/voxforge_dataset/txt/cmu_us_bdl_arctic_arctic_b0265.txt
/mnt/deepspeech2_data/voxforge_dataset/wav/cmu_us_bdl_arctic_arctic_a0229.wav,/mnt/deepspeech2_data/voxforge_dataset/txt/cmu_us_bdl_arctic_arctic_a0229.txt
/mnt/deepspeech2_data/voxforge_dataset/wav/cmu_us_bdl_arctic_arctic_b0237.wav,/mnt/deepspeech2_data/voxforge_dataset/txt/cmu_us_bdl_arctic_arctic_b0237.txt
/mnt/deepspeech2_data/voxforge_dataset/wav/cmu_us_bdl_arctic_arctic_a0447.wav,/mnt/deepspeech2_data/voxforge_dataset/txt/cmu_us_bdl_arctic_arctic_a0447.txt
/mnt/deepspeech2_data/voxforge_dataset/wav/cmu_us_bdl_arctic_arctic_b0219.wav,/mnt/deepspeech2_data/voxforge_dataset/txt/cmu_us_bdl_arctic_arctic_b0219.txt
/mnt/deepspeech2_data/voxforge_dataset/wav/cmu_us_bdl_arctic_arctic_b0423.wav,/mnt/deepspeech2_data/voxforge_dataset/txt/cmu_us_bdl_arctic_arctic_b0423.txt
/mnt/deepspeech2_data/voxforge_dataset/wav/cmu_us_bdl_arctic_arctic_a0363.wav,/mnt/deepspeech2_data/voxforge_dataset/txt/cmu_us_bdl_arctic_arctic_a0363.txt
/mnt/deepspeech2_data/voxforge_dataset/wav/cmu_us_bdl_arctic_arctic_a0584.wav,/mnt/deepspeech2_data/voxforge_dataset/txt/cmu_us_bdl_arctic_arctic_a0584.txt
/mnt/deepspeech2_data/voxforge_dataset/wav/cmu_us_bdl_arctic_arctic_b0096.wav,/mnt/deepspeech2_data/voxforge_dataset/txt/cmu_us_bdl_arctic_arctic_b0096.txt
/mnt/deepspeech2_data/voxforge_dataset/wav/cmu_us_bdl_arctic_arctic_a0458.wav,/mnt/deepspeech2_data/voxforge_dataset/txt/cmu_us_bdl_arctic_arctic_a0458.txt
/mnt/deepspeech2_data/voxforge_dataset/wav/cmu_us_bdl_arctic_arctic_b0217.wav,/mnt/deepspeech2_data/voxforge_dataset/txt/cmu_us_bdl_arctic_arctic_b0217.txt
/mnt/deepspeech2_data/voxforge_dataset/wav/cmu_us_bdl_arctic_arctic_b0538.wav,/mnt/deepspeech2_data/voxforge_dataset/txt/cmu_us_bdl_arctic_arctic_b0538.txt
/mnt/deepspeech2_data/voxforge_dataset/wav/cmu_us_bdl_arctic_arctic_b0225.wav,/mnt/deepspeech2_data/voxforge_dataset/txt/cmu_us_bdl_arctic_arctic_b0225.txt
/mnt/deepspeech2_data/voxforge_dataset/wav/cmu_us_bdl_arctic_arctic_a0280.wav,/mnt/deepspeech2_data/voxforge_dataset/txt/cmu_us_bdl_arctic_arctic_a0280.txt
/mnt/deepspeech2_data/voxforge_dataset/wav/cmu_us_bdl_arctic_arctic_b0415.wav,/mnt/deepspeech2_data/voxforge_dataset/txt/cmu_us_bdl_arctic_arctic_b0415.txt
/mnt/deepspeech2_data/voxforge_dataset/wav/cmu_us_bdl_arctic_arctic_b0235.wav,/mnt/deepspeech2_data/voxforge_dataset/txt/cmu_us_bdl_arctic_arctic_b0235.txt
/mnt/deepspeech2_data/voxforge_dataset/wav/cmu_us_bdl_arctic_arctic_b0163.wav,/mnt/deepspeech2_data/voxforge_dataset/txt/cmu_us_bdl_arctic_arctic_b0163.txt
/mnt/deepspeech2_data/voxforge_dataset/wav/cmu_us_bdl_arctic_arctic_b0312.wav,/mnt/deepspeech2_data/voxforge_dataset/txt/cmu_us_bdl_arctic_arctic_b0312.txt
/mnt/deepspeech2_data/voxforge_dataset/wav/cmu_us_bdl_arctic_arctic_b0002.wav,/mnt/deepspeech2_data/voxforge_dataset/txt/cmu_us_bdl_arctic_arctic_b0002.txt
/mnt/deepspeech2_data/voxforge_dataset/wav/cmu_us_bdl_arctic_arctic_a0352.wav,/mnt/deepspeech2_data/voxforge_dataset/txt/cmu_us_bdl_arctic_arctic_a0352.txt
/mnt/deepspeech2_data/voxforge_dataset/wav/cmu_us_bdl_arctic_arctic_a0571.wav,/mnt/deepspeech2_data/voxforge_dataset/txt/cmu_us_bdl_arctic_arctic_a0571.txt
/mnt/deepspeech2_data/voxforge_dataset/wav/cmu_us_bdl_arctic_arctic_b0417.wav,/mnt/deepspeech2_data/voxforge_dataset/txt/cmu_us_bdl_arctic_arctic_b0417.txt
/mnt/deepspeech2_data/voxforge_dataset/wav/cmu_us_bdl_arctic_arctic_a0083.wav,/mnt/deepspeech2_data/voxforge_dataset/txt/cmu_us_bdl_arctic_arctic_a0083.txt
/mnt/deepspeech2_data/voxforge_dataset/wav/cmu_us_bdl_arctic_arctic_b0007.wav,/mnt/deepspeech2_data/voxforge_dataset/txt/cmu_us_bdl_arctic_arctic_b0007.txt
/mnt/deepspeech2_data/voxforge_dataset/wav/cmu_us_bdl_arctic_arctic_b0437.wav,/mnt/deepspeech2_data/voxforge_dataset/txt/cmu_us_bdl_arctic_arctic_b0437.txt
/mnt/deepspeech2_data/voxforge_dataset/wav/cmu_us_bdl_arctic_arctic_b0295.wav,/mnt/deepspeech2_data/voxforge_dataset/txt/cmu_us_bdl_arctic_arctic_b0295.txt
/mnt/deepspeech2_data/voxforge_dataset/wav/cmu_us_bdl_arctic_arctic_b0315.wav,/mnt/deepspeech2_data/voxforge_dataset/txt/cmu_us_bdl_arctic_arctic_b0315.txt
/mnt/deepspeech2_data/voxforge_dataset/wav/cmu_us_bdl_arctic_arctic_a0548.wav,/mnt/deepspeech2_data/voxforge_dataset/txt/cmu_us_bdl_arctic_arctic_a0548.txt
/mnt/deepspeech2_data/voxforge_dataset/wav/cmu_us_bdl_arctic_arctic_a0026.wav,/mnt/deepspeech2_data/voxforge_dataset/txt/cmu_us_bdl_arctic_arctic_a0026.txt
/mnt/deepspeech2_data/voxforge_dataset/wav/cmu_us_bdl_arctic_arctic_b0280.wav,/mnt/deepspeech2_data/voxforge_dataset/txt/cmu_us_bdl_arctic_arctic_b0280.txt
/mnt/deepspeech2_data/voxforge_dataset/wav/cmu_us_bdl_arctic_arctic_a0188.wav,/mnt/deepspeech2_data/voxforge_dataset/txt/cmu_us_bdl_arctic_arctic_a0188.txt
/mnt/deepspeech2_data/voxforge_dataset/wav/cmu_us_bdl_arctic_arctic_b0445.wav,/mnt/deepspeech2_data/voxforge_dataset/txt/cmu_us_bdl_arctic_arctic_b0445.txt
/mnt/deepspeech2_data/voxforge_dataset/wav/cmu_us_bdl_arctic_arctic_b0491.wav,/mnt/deepspeech2_data/voxforge_dataset/txt/cmu_us_bdl_arctic_arctic_b0491.txt
/mnt/deepspeech2_data/voxforge_dataset/wav/cmu_us_bdl_arctic_arctic_a0109.wav,/mnt/deepspeech2_data/voxforge_dataset/txt/cmu_us_bdl_arctic_arctic_a0109.txt
/mnt/deepspeech2_data/voxforge_dataset/wav/cmu_us_bdl_arctic_arctic_a0310.wav,/mnt/deepspeech2_data/voxforge_dataset/txt/cmu_us_bdl_arctic_arctic_a0310.txt
/mnt/deepspeech2_data/voxforge_dataset/wav/cmu_us_bdl_arctic_arctic_b0020.wav,/mnt/deepspeech2_data/voxforge_dataset/txt/cmu_us_bdl_arctic_arctic_b0020.txt
/mnt/deepspeech2_data/voxforge_dataset/wav/cmu_us_bdl_arctic_arctic_a0295.wav,/mnt/deepspeech2_data/voxforge_dataset/txt/cmu_us_bdl_arctic_arctic_a0295.txt
/mnt/deepspeech2_data/voxforge_dataset/wav/cmu_us_bdl_arctic_arctic_b0160.wav,/mnt/deepspeech2_data/voxforge_dataset/txt/cmu_us_bdl_arctic_arctic_b0160.txt
/mnt/deepspeech2_data/voxforge_dataset/wav/cmu_us_bdl_arctic_arctic_a0281.wav,/mnt/deepspeech2_data/voxforge_dataset/txt/cmu_us_bdl_arctic_arctic_a0281.txt
/mnt/deepspeech2_data/voxforge_dataset/wav/cmu_us_bdl_arctic_arctic_a0266.wav,/mnt/deepspeech2_data/voxforge_dataset/txt/cmu_us_bdl_arctic_arctic_a0266.txt
/mnt/deepspeech2_data/voxforge_dataset/wav/cmu_us_bdl_arctic_arctic_a0199.wav,/mnt/deepspeech2_data/voxforge_dataset/txt/cmu_us_bdl_arctic_arctic_a0199.txt
/mnt/deepspeech2_data/voxforge_dataset/wav/cmu_us_bdl_arctic_arctic_a0501.wav,/mnt/deepspeech2_data/voxforge_dataset/txt/cmu_us_bdl_arctic_arctic_a0501.txt
/mnt/deepspeech2_data/voxforge_dataset/wav/cmu_us_bdl_arctic_arctic_a0044.wav,/mnt/deepspeech2_data/voxforge_dataset/txt/cmu_us_bdl_arctic_arctic_a0044.txt
/mnt/deepspeech2_data/voxforge_dataset/wav/cmu_us_bdl_arctic_arctic_a0053.wav,/mnt/deepspeech2_data/voxforge_dataset/txt/cmu_us_bdl_arctic_arctic_a0053.txt
/mnt/deepspeech2_data/voxforge_dataset/wav/cmu_us_bdl_arctic_arctic_b0091.wav,/mnt/deepspeech2_data/voxforge_dataset/txt/cmu_us_bdl_arctic_arctic_b0091.txt
/mnt/deepspeech2_data/voxforge_dataset/wav/cmu_us_bdl_arctic_arctic_a0189.wav,/mnt/deepspeech2_data/voxforge_dataset/txt/cmu_us_bdl_arctic_arctic_a0189.txt
/mnt/deepspeech2_data/voxforge_dataset/wav/cmu_us_bdl_arctic_arctic_b0148.wav,/mnt/deepspeech2_data/voxforge_dataset/txt/cmu_us_bdl_arctic_arctic_b0148.txt
/mnt/deepspeech2_data/voxforge_dataset/wav/cmu_us_bdl_arctic_arctic_a0511.wav,/mnt/deepspeech2_data/voxforge_dataset/txt/cmu_us_bdl_arctic_arctic_a0511.txt
/mnt/deepspeech2_data/voxforge_dataset/wav/cmu_us_bdl_arctic_arctic_b0209.wav,/mnt/deepspeech2_data/voxforge_dataset/txt/cmu_us_bdl_arctic_arctic_b0209.txt
/mnt/deepspeech2_data/voxforge_dataset/wav/cmu_us_bdl_arctic_arctic_a0349.wav,/mnt/deepspeech2_data/voxforge_dataset/txt/cmu_us_bdl_arctic_arctic_a0349.txt
/mnt/deepspeech2_data/voxforge_dataset/wav/cmu_us_bdl_arctic_arctic_a0318.wav,/mnt/deepspeech2_data/voxforge_dataset/txt/cmu_us_bdl_arctic_arctic_a0318.txt
/mnt/deepspeech2_data/voxforge_dataset/wav/cmu_us_bdl_arctic_arctic_a0156.wav,/mnt/deepspeech2_data/voxforge_dataset/txt/cmu_us_bdl_arctic_arctic_a0156.txt
/mnt/deepspeech2_data/voxforge_dataset/wav/cmu_us_bdl_arctic_arctic_b0048.wav,/mnt/deepspeech2_data/voxforge_dataset/txt/cmu_us_bdl_arctic_arctic_b0048.txt
/mnt/deepspeech2_data/voxforge_dataset/wav/cmu_us_bdl_arctic_arctic_b0061.wav,/mnt/deepspeech2_data/voxforge_dataset/txt/cmu_us_bdl_arctic_arctic_b0061.txt
/mnt/deepspeech2_data/voxforge_dataset/wav/cmu_us_bdl_arctic_arctic_b0073.wav,/mnt/deepspeech2_data/voxforge_dataset/txt/cmu_us_bdl_arctic_arctic_b0073.txt
/mnt/deepspeech2_data/voxforge_dataset/wav/cmu_us_bdl_arctic_arctic_a0350.wav,/mnt/deepspeech2_data/voxforge_dataset/txt/cmu_us_bdl_arctic_arctic_a0350.txt
/mnt/deepspeech2_data/voxforge_dataset/wav/cmu_us_bdl_arctic_arctic_b0281.wav,/mnt/deepspeech2_data/voxforge_dataset/txt/cmu_us_bdl_arctic_arctic_b0281.txt
/mnt/deepspeech2_data/voxforge_dataset/wav/cmu_us_bdl_arctic_arctic_a0546.wav,/mnt/deepspeech2_data/voxforge_dataset/txt/cmu_us_bdl_arctic_arctic_a0546.txt
/mnt/deepspeech2_data/voxforge_dataset/wav/cmu_us_bdl_arctic_arctic_a0144.wav,/mnt/deepspeech2_data/voxforge_dataset/txt/cmu_us_bdl_arctic_arctic_a0144.txt
/mnt/deepspeech2_data/voxforge_dataset/wav/cmu_us_bdl_arctic_arctic_a0176.wav,/mnt/deepspeech2_data/voxforge_dataset/txt/cmu_us_bdl_arctic_arctic_a0176.txt
/mnt/deepspeech2_data/voxforge_dataset/wav/cmu_us_bdl_arctic_arctic_a0438.wav,/mnt/deepspeech2_data/voxforge_dataset/txt/cmu_us_bdl_arctic_arctic_a0438.txt
/mnt/deepspeech2_data/voxforge_dataset/wav/cmu_us_bdl_arctic_arctic_a0020.wav,/mnt/deepspeech2_data/voxforge_dataset/txt/cmu_us_bdl_arctic_arctic_a0020.txt
/mnt/deepspeech2_data/voxforge_dataset/wav/cmu_us_bdl_arctic_arctic_a0135.wav,/mnt/deepspeech2_data/voxforge_dataset/txt/cmu_us_bdl_arctic_arctic_a0135.txt
/mnt/deepspeech2_data/voxforge_dataset/wav/cmu_us_bdl_arctic_arctic_a0411.wav,/mnt/deepspeech2_data/voxforge_dataset/txt/cmu_us_bdl_arctic_arctic_a0411.txt
/mnt/deepspeech2_data/voxforge_dataset/wav/cmu_us_bdl_arctic_arctic_a0327.wav,/mnt/deepspeech2_data/voxforge_dataset/txt/cmu_us_bdl_arctic_arctic_a0327.txt
/mnt/deepspeech2_data/voxforge_dataset/wav/cmu_us_bdl_arctic_arctic_a0481.wav,/mnt/deepspeech2_data/voxforge_dataset/txt/cmu_us_bdl_arctic_arctic_a0481.txt
/mnt/deepspeech2_data/voxforge_dataset/wav/cmu_us_bdl_arctic_arctic_a0325.wav,/mnt/deepspeech2_data/voxforge_dataset/txt/cmu_us_bdl_arctic_arctic_a0325.txt
/mnt/deepspeech2_data/voxforge_dataset/wav/cmu_us_bdl_arctic_arctic_a0402.wav,/mnt/deepspeech2_data/voxforge_dataset/txt/cmu_us_bdl_arctic_arctic_a0402.txt
/mnt/deepspeech2_data/voxforge_dataset/wav/cmu_us_bdl_arctic_arctic_a0300.wav,/mnt/deepspeech2_data/voxforge_dataset/txt/cmu_us_bdl_arctic_arctic_a0300.txt
/mnt/deepspeech2_data/voxforge_dataset/wav/cmu_us_bdl_arctic_arctic_a0051.wav,/mnt/deepspeech2_data/voxforge_dataset/txt/cmu_us_bdl_arctic_arctic_a0051.txt
/mnt/deepspeech2_data/voxforge_dataset/wav/cmu_us_bdl_arctic_arctic_a0408.wav,/mnt/deepspeech2_data/voxforge_dataset/txt/cmu_us_bdl_arctic_arctic_a0408.txt
/mnt/deepspeech2_data/voxforge_dataset/wav/cmu_us_bdl_arctic_arctic_a0245.wav,/mnt/deepspeech2_data/voxforge_dataset/txt/cmu_us_bdl_arctic_arctic_a0245.txt
/mnt/deepspeech2_data/voxforge_dataset/wav/cmu_us_bdl_arctic_arctic_a0111.wav,/mnt/deepspeech2_data/voxforge_dataset/txt/cmu_us_bdl_arctic_arctic_a0111.txt
/mnt/deepspeech2_data/voxforge_dataset/wav/cmu_us_bdl_arctic_arctic_a0032.wav,/mnt/deepspeech2_data/voxforge_dataset/txt/cmu_us_bdl_arctic_arctic_a0032.txt
/mnt/deepspeech2_data/voxforge_dataset/wav/cmu_us_bdl_arctic_arctic_a0017.wav,/mnt/deepspeech2_data/voxforge_dataset/txt/cmu_us_bdl_arctic_arctic_a0017.txt
/mnt/deepspeech2_data/voxforge_dataset/wav/cmu_us_bdl_arctic_arctic_b0204.wav,/mnt/deepspeech2_data/voxforge_dataset/txt/cmu_us_bdl_arctic_arctic_b0204.txt
/mnt/deepspeech2_data/voxforge_dataset/wav/cmu_us_bdl_arctic_arctic_b0242.wav,/mnt/deepspeech2_data/voxforge_dataset/txt/cmu_us_bdl_arctic_arctic_b0242.txt
/mnt/deepspeech2_data/voxforge_dataset/wav/cmu_us_bdl_arctic_arctic_a0305.wav,/mnt/deepspeech2_data/voxforge_dataset/txt/cmu_us_bdl_arctic_arctic_a0305.txt
/mnt/deepspeech2_data/voxforge_dataset/wav/cmu_us_bdl_arctic_arctic_a0577.wav,/mnt/deepspeech2_data/voxforge_dataset/txt/cmu_us_bdl_arctic_arctic_a0577.txt
/mnt/deepspeech2_data/voxforge_dataset/wav/cmu_us_bdl_arctic_arctic_a0298.wav,/mnt/deepspeech2_data/voxforge_dataset/txt/cmu_us_bdl_arctic_arctic_a0298.txt
/mnt/deepspeech2_data/voxforge_dataset/wav/cmu_us_bdl_arctic_arctic_a0407.wav,/mnt/deepspeech2_data/voxforge_dataset/txt/cmu_us_bdl_arctic_arctic_a0407.txt
/mnt/deepspeech2_data/voxforge_dataset/wav/cmu_us_slt_arctic_arctic_a0098.wav,/mnt/deepspeech2_data/voxforge_dataset/txt/cmu_us_slt_arctic_arctic_a0098.txt
/mnt/deepspeech2_data/voxforge_dataset/wav/cmu_us_slt_arctic_arctic_a0018.wav,/mnt/deepspeech2_data/voxforge_dataset/txt/cmu_us_slt_arctic_arctic_a0018.txt
/mnt/deepspeech2_data/voxforge_dataset/wav/cmu_us_slt_arctic_arctic_a0079.wav,/mnt/deepspeech2_data/voxforge_dataset/txt/cmu_us_slt_arctic_arctic_a0079.txt
/mnt/deepspeech2_data/voxforge_dataset/wav/cmu_us_slt_arctic_arctic_a0440.wav,/mnt/deepspeech2_data/voxforge_dataset/txt/cmu_us_slt_arctic_arctic_a0440.txt
/mnt/deepspeech2_data/voxforge_dataset/wav/cmu_us_slt_arctic_arctic_b0262.wav,/mnt/deepspeech2_data/voxforge_dataset/txt/cmu_us_slt_arctic_arctic_b0262.txt
/mnt/deepspeech2_data/voxforge_dataset/wav/cmu_us_slt_arctic_arctic_b0033.wav,/mnt/deepspeech2_data/voxforge_dataset/txt/cmu_us_slt_arctic_arctic_b0033.txt
/mnt/deepspeech2_data/voxforge_dataset/wav/cmu_us_slt_arctic_arctic_b0003.wav,/mnt/deepspeech2_data/voxforge_dataset/txt/cmu_us_slt_arctic_arctic_b0003.txt
/mnt/deepspeech2_data/voxforge_dataset/wav/cmu_us_slt_arctic_arctic_a0195.wav,/mnt/deepspeech2_data/voxforge_dataset/txt/cmu_us_slt_arctic_arctic_a0195.txt
/mnt/deepspeech2_data/voxforge_dataset/wav/cmu_us_slt_arctic_arctic_a0100.wav,/mnt/deepspeech2_data/voxforge_dataset/txt/cmu_us_slt_arctic_arctic_a0100.txt
/mnt/deepspeech2_data/voxforge_dataset/wav/cmu_us_slt_arctic_arctic_b0388.wav,/mnt/deepspeech2_data/voxforge_dataset/txt/cmu_us_slt_arctic_arctic_b0388.txt
/mnt/deepspeech2_data/voxforge_dataset/wav/cmu_us_slt_arctic_arctic_a0052.wav,/mnt/deepspeech2_data/voxforge_dataset/txt/cmu_us_slt_arctic_arctic_a0052.txt
/mnt/deepspeech2_data/voxforge_dataset/wav/cmu_us_slt_arctic_arctic_a0130.wav,/mnt/deepspeech2_data/voxforge_dataset/txt/cmu_us_slt_arctic_arctic_a0130.txt
/mnt/deepspeech2_data/voxforge_dataset/wav/cmu_us_slt_arctic_arctic_a0203.wav,/mnt/deepspeech2_data/voxforge_dataset/txt/cmu_us_slt_arctic_arctic_a0203.txt
/mnt/deepspeech2_data/voxforge_dataset/wav/cmu_us_slt_arctic_arctic_b0529.wav,/mnt/deepspeech2_data/voxforge_dataset/txt/cmu_us_slt_arctic_arctic_b0529.txt
/mnt/deepspeech2_data/voxforge_dataset/wav/cmu_us_slt_arctic_arctic_b0221.wav,/mnt/deepspeech2_data/voxforge_dataset/txt/cmu_us_slt_arctic_arctic_b0221.txt
/mnt/deepspeech2_data/voxforge_dataset/wav/cmu_us_slt_arctic_arctic_b0170.wav,/mnt/deepspeech2_data/voxforge_dataset/txt/cmu_us_slt_arctic_arctic_b0170.txt
/mnt/deepspeech2_data/voxforge_dataset/wav/cmu_us_slt_arctic_arctic_a0082.wav,/mnt/deepspeech2_data/voxforge_dataset/txt/cmu_us_slt_arctic_arctic_a0082.txt
/mnt/deepspeech2_data/voxforge_dataset/wav/cmu_us_slt_arctic_arctic_a0132.wav,/mnt/deepspeech2_data/voxforge_dataset/txt/cmu_us_slt_arctic_arctic_a0132.txt
/mnt/deepspeech2_data/voxforge_dataset/wav/cmu_us_slt_arctic_arctic_a0169.wav,/mnt/deepspeech2_data/voxforge_dataset/txt/cmu_us_slt_arctic_arctic_a0169.txt
/mnt/deepspeech2_data/voxforge_dataset/wav/cmu_us_slt_arctic_arctic_b0173.wav,/mnt/deepspeech2_data/voxforge_dataset/txt/cmu_us_slt_arctic_arctic_b0173.txt
/mnt/deepspeech2_data/voxforge_dataset/wav/cmu_us_slt_arctic_arctic_b0537.wav,/mnt/deepspeech2_data/voxforge_dataset/txt/cmu_us_slt_arctic_arctic_b0537.txt
/mnt/deepspeech2_data/voxforge_dataset/wav/cmu_us_slt_arctic_arctic_a0230.wav,/mnt/deepspeech2_data/voxforge_dataset/txt/cmu_us_slt_arctic_arctic_a0230.txt
/mnt/deepspeech2_data/voxforge_dataset/wav/cmu_us_slt_arctic_arctic_b0037.wav,/mnt/deepspeech2_data/voxforge_dataset/txt/cmu_us_slt_arctic_arctic_b0037.txt
/mnt/deepspeech2_data/voxforge_dataset/wav/cmu_us_slt_arctic_arctic_a0356.wav,/mnt/deepspeech2_data/voxforge_dataset/txt/cmu_us_slt_arctic_arctic_a0356.txt
/mnt/deepspeech2_data/voxforge_dataset/wav/cmu_us_slt_arctic_arctic_a0496.wav,/mnt/deepspeech2_data/voxforge_dataset/txt/cmu_us_slt_arctic_arctic_a0496.txt
/mnt/deepspeech2_data/voxforge_dataset/wav/cmu_us_slt_arctic_arctic_a0066.wav,/mnt/deepspeech2_data/voxforge_dataset/txt/cmu_us_slt_arctic_arctic_a0066.txt
/mnt/deepspeech2_data/voxforge_dataset/wav/cmu_us_slt_arctic_arctic_b0381.wav,/mnt/deepspeech2_data/voxforge_dataset/txt/cmu_us_slt_arctic_arctic_b0381.txt
/mnt/deepspeech2_data/voxforge_dataset/wav/cmu_us_slt_arctic_arctic_a0435.wav,/mnt/deepspeech2_data/voxforge_dataset/txt/cmu_us_slt_arctic_arctic_a0435.txt
/mnt/deepspeech2_data/voxforge_dataset/wav/cmu_us_slt_arctic_arctic_b0197.wav,/mnt/deepspeech2_data/voxforge_dataset/txt/cmu_us_slt_arctic_arctic_b0197.txt
/mnt/deepspeech2_data/voxforge_dataset/wav/cmu_us_slt_arctic_arctic_b0264.wav,/mnt/deepspeech2_data/voxforge_dataset/txt/cmu_us_slt_arctic_arctic_b0264.txt
/mnt/deepspeech2_data/voxforge_dataset/wav/cmu_us_slt_arctic_arctic_b0443.wav,/mnt/deepspeech2_data/voxforge_dataset/txt/cmu_us_slt_arctic_arctic_b0443.txt
/mnt/deepspeech2_data/voxforge_dataset/wav/cmu_us_slt_arctic_arctic_b0530.wav,/mnt/deepspeech2_data/voxforge_dataset/txt/cmu_us_slt_arctic_arctic_b0530.txt
/mnt/deepspeech2_data/voxforge_dataset/wav/cmu_us_slt_arctic_arctic_a0514.wav,/mnt/deepspeech2_data/voxforge_dataset/txt/cmu_us_slt_arctic_arctic_a0514.txt
/mnt/deepspeech2_data/voxforge_dataset/wav/cmu_us_slt_arctic_arctic_a0114.wav,/mnt/deepspeech2_data/voxforge_dataset/txt/cmu_us_slt_arctic_arctic_a0114.txt
/mnt/deepspeech2_data/voxforge_dataset/wav/cmu_us_slt_arctic_arctic_b0193.wav,/mnt/deepspeech2_data/voxforge_dataset/txt/cmu_us_slt_arctic_arctic_b0193.txt
/mnt/deepspeech2_data/voxforge_dataset/wav/cmu_us_slt_arctic_arctic_b0485.wav,/mnt/deepspeech2_data/voxforge_dataset/txt/cmu_us_slt_arctic_arctic_b0485.txt
/mnt/deepspeech2_data/voxforge_dataset/wav/cmu_us_slt_arctic_arctic_a0188.wav,/mnt/deepspeech2_data/voxforge_dataset/txt/cmu_us_slt_arctic_arctic_a0188.txt
/mnt/deepspeech2_data/voxforge_dataset/wav/cmu_us_slt_arctic_arctic_b0035.wav,/mnt/deepspeech2_data/voxforge_dataset/txt/cmu_us_slt_arctic_arctic_b0035.txt
/mnt/deepspeech2_data/voxforge_dataset/wav/cmu_us_slt_arctic_arctic_b0036.wav,/mnt/deepspeech2_data/voxforge_dataset/txt/cmu_us_slt_arctic_arctic_b0036.txt
/mnt/deepspeech2_data/voxforge_dataset/wav/cmu_us_slt_arctic_arctic_a0516.wav,/mnt/deepspeech2_data/voxforge_dataset/txt/cmu_us_slt_arctic_arctic_a0516.txt
/mnt/deepspeech2_data/voxforge_dataset/wav/cmu_us_slt_arctic_arctic_a0148.wav,/mnt/deepspeech2_data/voxforge_dataset/txt/cmu_us_slt_arctic_arctic_a0148.txt
/mnt/deepspeech2_data/voxforge_dataset/wav/cmu_us_slt_arctic_arctic_b0215.wav,/mnt/deepspeech2_data/voxforge_dataset/txt/cmu_us_slt_arctic_arctic_b0215.txt
/mnt/deepspeech2_data/voxforge_dataset/wav/cmu_us_slt_arctic_arctic_b0110.wav,/mnt/deepspeech2_data/voxforge_dataset/txt/cmu_us_slt_arctic_arctic_b0110.txt
/mnt/deepspeech2_data/voxforge_dataset/wav/cmu_us_slt_arctic_arctic_a0415.wav,/mnt/deepspeech2_data/voxforge_dataset/txt/cmu_us_slt_arctic_arctic_a0415.txt
/mnt/deepspeech2_data/voxforge_dataset/wav/cmu_us_slt_arctic_arctic_a0123.wav,/mnt/deepspeech2_data/voxforge_dataset/txt/cmu_us_slt_arctic_arctic_a0123.txt
/mnt/deepspeech2_data/voxforge_dataset/wav/cmu_us_slt_arctic_arctic_a0142.wav,/mnt/deepspeech2_data/voxforge_dataset/txt/cmu_us_slt_arctic_arctic_a0142.txt
/mnt/deepspeech2_data/voxforge_dataset/wav/cmu_us_slt_arctic_arctic_a0126.wav,/mnt/deepspeech2_data/voxforge_dataset/txt/cmu_us_slt_arctic_arctic_a0126.txt
/mnt/deepspeech2_data/voxforge_dataset/wav/cmu_us_slt_arctic_arctic_a0012.wav,/mnt/deepspeech2_data/voxforge_dataset/txt/cmu_us_slt_arctic_arctic_a0012.txt
/mnt/deepspeech2_data/voxforge_dataset/wav/cmu_us_slt_arctic_arctic_b0289.wav,/mnt/deepspeech2_data/voxforge_dataset/txt/cmu_us_slt_arctic_arctic_b0289.txt
/mnt/deepspeech2_data/voxforge_dataset/wav/cmu_us_slt_arctic_arctic_a0427.wav,/mnt/deepspeech2_data/voxforge_dataset/txt/cmu_us_slt_arctic_arctic_a0427.txt
/mnt/deepspeech2_data/voxforge_dataset/wav/cmu_us_slt_arctic_arctic_a0200.wav,/mnt/deepspeech2_data/voxforge_dataset/txt/cmu_us_slt_arctic_arctic_a0200.txt
/mnt/deepspeech2_data/voxforge_dataset/wav/cmu_us_slt_arctic_arctic_a0137.wav,/mnt/deepspeech2_data/voxforge_dataset/txt/cmu_us_slt_arctic_arctic_a0137.txt
/mnt/deepspeech2_data/voxforge_dataset/wav/cmu_us_slt_arctic_arctic_a0485.wav,/mnt/deepspeech2_data/voxforge_dataset/txt/cmu_us_slt_arctic_arctic_a0485.txt
/mnt/deepspeech2_data/voxforge_dataset/wav/cmu_us_slt_arctic_arctic_a0180.wav,/mnt/deepspeech2_data/voxforge_dataset/txt/cmu_us_slt_arctic_arctic_a0180.txt
/mnt/deepspeech2_data/voxforge_dataset/wav/cmu_us_slt_arctic_arctic_b0241.wav,/mnt/deepspeech2_data/voxforge_dataset/txt/cmu_us_slt_arctic_arctic_b0241.txt
/mnt/deepspeech2_data/voxforge_dataset/wav/cmu_us_slt_arctic_arctic_a0113.wav,/mnt/deepspeech2_data/voxforge_dataset/txt/cmu_us_slt_arctic_arctic_a0113.txt
/mnt/deepspeech2_data/voxforge_dataset/wav/cmu_us_slt_arctic_arctic_a0513.wav,/mnt/deepspeech2_data/voxforge_dataset/txt/cmu_us_slt_arctic_arctic_a0513.txt
/mnt/deepspeech2_data/voxforge_dataset/wav/cmu_us_slt_arctic_arctic_a0122.wav,/mnt/deepspeech2_data/voxforge_dataset/txt/cmu_us_slt_arctic_arctic_a0122.txt
/mnt/deepspeech2_data/voxforge_dataset/wav/cmu_us_slt_arctic_arctic_b0009.wav,/mnt/deepspeech2_data/voxforge_dataset/txt/cmu_us_slt_arctic_arctic_b0009.txt
/mnt/deepspeech2_data/voxforge_dataset/wav/cmu_us_slt_arctic_arctic_a0303.wav,/mnt/deepspeech2_data/voxforge_dataset/txt/cmu_us_slt_arctic_arctic_a0303.txt
/mnt/deepspeech2_data/voxforge_dataset/wav/cmu_us_slt_arctic_arctic_a0405.wav,/mnt/deepspeech2_data/voxforge_dataset/txt/cmu_us_slt_arctic_arctic_a0405.txt
/mnt/deepspeech2_data/voxforge_dataset/wav/cmu_us_slt_arctic_arctic_a0266.wav,/mnt/deepspeech2_data/voxforge_dataset/txt/cmu_us_slt_arctic_arctic_a0266.txt
/mnt/deepspeech2_data/voxforge_dataset/wav/cmu_us_slt_arctic_arctic_a0025.wav,/mnt/deepspeech2_data/voxforge_dataset/txt/cmu_us_slt_arctic_arctic_a0025.txt
/mnt/deepspeech2_data/voxforge_dataset/wav/cmu_us_slt_arctic_arctic_a0128.wav,/mnt/deepspeech2_data/voxforge_dataset/txt/cmu_us_slt_arctic_arctic_a0128.txt
/mnt/deepspeech2_data/voxforge_dataset/wav/cmu_us_slt_arctic_arctic_a0264.wav,/mnt/deepspeech2_data/voxforge_dataset/txt/cmu_us_slt_arctic_arctic_a0264.txt
/mnt/deepspeech2_data/voxforge_dataset/wav/cmu_us_slt_arctic_arctic_b0539.wav,/mnt/deepspeech2_data/voxforge_dataset/txt/cmu_us_slt_arctic_arctic_b0539.txt
/mnt/deepspeech2_data/voxforge_dataset/wav/cmu_us_slt_arctic_arctic_b0155.wav,/mnt/deepspeech2_data/voxforge_dataset/txt/cmu_us_slt_arctic_arctic_b0155.txt
/mnt/deepspeech2_data/voxforge_dataset/wav/cmu_us_slt_arctic_arctic_a0061.wav,/mnt/deepspeech2_data/voxforge_dataset/txt/cmu_us_slt_arctic_arctic_a0061.txt
/mnt/deepspeech2_data/voxforge_dataset/wav/cmu_us_slt_arctic_arctic_a0284.wav,/mnt/deepspeech2_data/voxforge_dataset/txt/cmu_us_slt_arctic_arctic_a0284.txt
/mnt/deepspeech2_data/voxforge_dataset/wav/cmu_us_slt_arctic_arctic_b0163.wav,/mnt/deepspeech2_data/voxforge_dataset/txt/cmu_us_slt_arctic_arctic_b0163.txt
/mnt/deepspeech2_data/voxforge_dataset/wav/cmu_us_slt_arctic_arctic_b0118.wav,/mnt/deepspeech2_data/voxforge_dataset/txt/cmu_us_slt_arctic_arctic_b0118.txt
/mnt/deepspeech2_data/voxforge_dataset/wav/cmu_us_slt_arctic_arctic_b0415.wav,/mnt/deepspeech2_data/voxforge_dataset/txt/cmu_us_slt_arctic_arctic_b0415.txt
/mnt/deepspeech2_data/voxforge_dataset/wav/cmu_us_slt_arctic_arctic_a0339.wav,/mnt/deepspeech2_data/voxforge_dataset/txt/cmu_us_slt_arctic_arctic_a0339.txt
/mnt/deepspeech2_data/voxforge_dataset/wav/cmu_us_slt_arctic_arctic_b0065.wav,/mnt/deepspeech2_data/voxforge_dataset/txt/cmu_us_slt_arctic_arctic_b0065.txt
/mnt/deepspeech2_data/voxforge_dataset/wav/cmu_us_slt_arctic_arctic_b0303.wav,/mnt/deepspeech2_data/voxforge_dataset/txt/cmu_us_slt_arctic_arctic_b0303.txt
/mnt/deepspeech2_data/voxforge_dataset/wav/cmu_us_slt_arctic_arctic_a0372.wav,/mnt/deepspeech2_data/voxforge_dataset/txt/cmu_us_slt_arctic_arctic_a0372.txt
/mnt/deepspeech2_data/voxforge_dataset/wav/cmu_us_slt_arctic_arctic_a0208.wav,/mnt/deepspeech2_data/voxforge_dataset/txt/cmu_us_slt_arctic_arctic_a0208.txt
/mnt/deepspeech2_data/voxforge_dataset/wav/cmu_us_slt_arctic_arctic_a0451.wav,/mnt/deepspeech2_data/voxforge_dataset/txt/cmu_us_slt_arctic_arctic_a0451.txt
/mnt/deepspeech2_data/voxforge_dataset/wav/cmu_us_slt_arctic_arctic_b0306.wav,/mnt/deepspeech2_data/voxforge_dataset/txt/cmu_us_slt_arctic_arctic_b0306.txt
/mnt/deepspeech2_data/voxforge_dataset/wav/cmu_us_slt_arctic_arctic_b0534.wav,/mnt/deepspeech2_data/voxforge_dataset/txt/cmu_us_slt_arctic_arctic_b0534.txt
/mnt/deepspeech2_data/voxforge_dataset/wav/cmu_us_slt_arctic_arctic_a0108.wav,/mnt/deepspeech2_data/voxforge_dataset/txt/cmu_us_slt_arctic_arctic_a0108.txt
/mnt/deepspeech2_data/voxforge_dataset/wav/cmu_us_slt_arctic_arctic_b0345.wav,/mnt/deepspeech2_data/voxforge_dataset/txt/cmu_us_slt_arctic_arctic_b0345.txt
/mnt/deepspeech2_data/voxforge_dataset/wav/cmu_us_slt_arctic_arctic_a0549.wav,/mnt/deepspeech2_data/voxforge_dataset/txt/cmu_us_slt_arctic_arctic_a0549.txt
/mnt/deepspeech2_data/voxforge_dataset/wav/cmu_us_slt_arctic_arctic_a0216.wav,/mnt/deepspeech2_data/voxforge_dataset/txt/cmu_us_slt_arctic_arctic_a0216.txt
/mnt/deepspeech2_data/voxforge_dataset/wav/cmu_us_slt_arctic_arctic_a0324.wav,/mnt/deepspeech2_data/voxforge_dataset/txt/cmu_us_slt_arctic_arctic_a0324.txt
/mnt/deepspeech2_data/voxforge_dataset/wav/cmu_us_slt_arctic_arctic_a0408.wav,/mnt/deepspeech2_data/voxforge_dataset/txt/cmu_us_slt_arctic_arctic_a0408.txt
/mnt/deepspeech2_data/voxforge_dataset/wav/cmu_us_slt_arctic_arctic_b0371.wav,/mnt/deepspeech2_data/voxforge_dataset/txt/cmu_us_slt_arctic_arctic_b0371.txt
/mnt/deepspeech2_data/voxforge_dataset/wav/cmu_us_slt_arctic_arctic_a0466.wav,/mnt/deepspeech2_data/voxforge_dataset/txt/cmu_us_slt_arctic_arctic_a0466.txt
/mnt/deepspeech2_data/voxforge_dataset/wav/cmu_us_slt_arctic_arctic_a0016.wav,/mnt/deepspeech2_data/voxforge_dataset/txt/cmu_us_slt_arctic_arctic_a0016.txt
/mnt/deepspeech2_data/voxforge_dataset/wav/cmu_us_slt_arctic_arctic_a0438.wav,/mnt/deepspeech2_data/voxforge_dataset/txt/cmu_us_slt_arctic_arctic_a0438.txt
/mnt/deepspeech2_data/voxforge_dataset/wav/cmu_us_slt_arctic_arctic_a0474.wav,/mnt/deepspeech2_data/voxforge_dataset/txt/cmu_us_slt_arctic_arctic_a0474.txt
/mnt/deepspeech2_data/voxforge_dataset/wav/cmu_us_slt_arctic_arctic_b0471.wav,/mnt/deepspeech2_data/voxforge_dataset/txt/cmu_us_slt_arctic_arctic_b0471.txt
/mnt/deepspeech2_data/voxforge_dataset/wav/cmu_us_slt_arctic_arctic_a0383.wav,/mnt/deepspeech2_data/voxforge_dataset/txt/cmu_us_slt_arctic_arctic_a0383.txt
/mnt/deepspeech2_data/voxforge_dataset/wav/cmu_us_slt_arctic_arctic_b0252.wav,/mnt/deepspeech2_data/voxforge_dataset/txt/cmu_us_slt_arctic_arctic_b0252.txt
/mnt/deepspeech2_data/voxforge_dataset/wav/cmu_us_slt_arctic_arctic_b0429.wav,/mnt/deepspeech2_data/voxforge_dataset/txt/cmu_us_slt_arctic_arctic_b0429.txt
/mnt/deepspeech2_data/voxforge_dataset/wav/cmu_us_slt_arctic_arctic_b0029.wav,/mnt/deepspeech2_data/voxforge_dataset/txt/cmu_us_slt_arctic_arctic_b0029.txt
/mnt/deepspeech2_data/voxforge_dataset/wav/cmu_us_slt_arctic_arctic_a0323.wav,/mnt/deepspeech2_data/voxforge_dataset/txt/cmu_us_slt_arctic_arctic_a0323.txt
/mnt/deepspeech2_data/voxforge_dataset/wav/cmu_us_slt_arctic_arctic_a0368.wav,/mnt/deepspeech2_data/voxforge_dataset/txt/cmu_us_slt_arctic_arctic_a0368.txt
/mnt/deepspeech2_data/voxforge_dataset/wav/cmu_us_slt_arctic_arctic_a0424.wav,/mnt/deepspeech2_data/voxforge_dataset/txt/cmu_us_slt_arctic_arctic_a0424.txt
/mnt/deepspeech2_data/voxforge_dataset/wav/cmu_us_slt_arctic_arctic_b0210.wav,/mnt/deepspeech2_data/voxforge_dataset/txt/cmu_us_slt_arctic_arctic_b0210.txt
/mnt/deepspeech2_data/voxforge_dataset/wav/cmu_us_slt_arctic_arctic_a0212.wav,/mnt/deepspeech2_data/voxforge_dataset/txt/cmu_us_slt_arctic_arctic_a0212.txt
/mnt/deepspeech2_data/voxforge_dataset/wav/cmu_us_slt_arctic_arctic_b0513.wav,/mnt/deepspeech2_data/voxforge_dataset/txt/cmu_us_slt_arctic_arctic_b0513.txt
/mnt/deepspeech2_data/voxforge_dataset/wav/cmu_us_slt_arctic_arctic_a0277.wav,/mnt/deepspeech2_data/voxforge_dataset/txt/cmu_us_slt_arctic_arctic_a0277.txt
/mnt/deepspeech2_data/voxforge_dataset/wav/cmu_us_slt_arctic_arctic_a0302.wav,/mnt/deepspeech2_data/voxforge_dataset/txt/cmu_us_slt_arctic_arctic_a0302.txt
/mnt/deepspeech2_data/voxforge_dataset/wav/cmu_us_slt_arctic_arctic_a0422.wav,/mnt/deepspeech2_data/voxforge_dataset/txt/cmu_us_slt_arctic_arctic_a0422.txt
/mnt/deepspeech2_data/voxforge_dataset/wav/cmu_us_slt_arctic_arctic_b0132.wav,/mnt/deepspeech2_data/voxforge_dataset/txt/cmu_us_slt_arctic_arctic_b0132.txt
/mnt/deepspeech2_data/voxforge_dataset/wav/cmu_us_slt_arctic_arctic_a0139.wav,/mnt/deepspeech2_data/voxforge_dataset/txt/cmu_us_slt_arctic_arctic_a0139.txt
/mnt/deepspeech2_data/voxforge_dataset/wav/cmu_us_slt_arctic_arctic_b0409.wav,/mnt/deepspeech2_data/voxforge_dataset/txt/cmu_us_slt_arctic_arctic_b0409.txt
/mnt/deepspeech2_data/voxforge_dataset/wav/cmu_us_slt_arctic_arctic_b0382.wav,/mnt/deepspeech2_data/voxforge_dataset/txt/cmu_us_slt_arctic_arctic_b0382.txt
/mnt/deepspeech2_data/voxforge_dataset/wav/cmu_us_slt_arctic_arctic_b0358.wav,/mnt/deepspeech2_data/voxforge_dataset/txt/cmu_us_slt_arctic_arctic_b0358.txt
/mnt/deepspeech2_data/voxforge_dataset/wav/cmu_us_slt_arctic_arctic_b0389.wav,/mnt/deepspeech2_data/voxforge_dataset/txt/cmu_us_slt_arctic_arctic_b0389.txt
/mnt/deepspeech2_data/voxforge_dataset/wav/cmu_us_slt_arctic_arctic_b0465.wav,/mnt/deepspeech2_data/voxforge_dataset/txt/cmu_us_slt_arctic_arctic_b0465.txt
/mnt/deepspeech2_data/voxforge_dataset/wav/cmu_us_slt_arctic_arctic_b0397.wav,/mnt/deepspeech2_data/voxforge_dataset/txt/cmu_us_slt_arctic_arctic_b0397.txt
/mnt/deepspeech2_data/voxforge_dataset/wav/cmu_us_clb_arctic_arctic_a0389.wav,/mnt/deepspeech2_data/voxforge_dataset/txt/cmu_us_clb_arctic_arctic_a0389.txt
/mnt/deepspeech2_data/voxforge_dataset/wav/cmu_us_clb_arctic_arctic_a0381.wav,/mnt/deepspeech2_data/voxforge_dataset/txt/cmu_us_clb_arctic_arctic_a0381.txt
/mnt/deepspeech2_data/voxforge_dataset/wav/cmu_us_clb_arctic_arctic_a0205.wav,/mnt/deepspeech2_data/voxforge_dataset/txt/cmu_us_clb_arctic_arctic_a0205.txt
/mnt/deepspeech2_data/voxforge_dataset/wav/cmu_us_clb_arctic_arctic_a0385.wav,/mnt/deepspeech2_data/voxforge_dataset/txt/cmu_us_clb_arctic_arctic_a0385.txt
/mnt/deepspeech2_data/voxforge_dataset/wav/cmu_us_clb_arctic_arctic_b0086.wav,/mnt/deepspeech2_data/voxforge_dataset/txt/cmu_us_clb_arctic_arctic_b0086.txt
/mnt/deepspeech2_data/voxforge_dataset/wav/cmu_us_clb_arctic_arctic_b0519.wav,/mnt/deepspeech2_data/voxforge_dataset/txt/cmu_us_clb_arctic_arctic_b0519.txt
/mnt/deepspeech2_data/voxforge_dataset/wav/cmu_us_clb_arctic_arctic_a0072.wav,/mnt/deepspeech2_data/voxforge_dataset/txt/cmu_us_clb_arctic_arctic_a0072.txt
/mnt/deepspeech2_data/voxforge_dataset/wav/cmu_us_clb_arctic_arctic_a0578.wav,/mnt/deepspeech2_data/voxforge_dataset/txt/cmu_us_clb_arctic_arctic_a0578.txt
/mnt/deepspeech2_data/voxforge_dataset/wav/cmu_us_clb_arctic_arctic_a0155.wav,/mnt/deepspeech2_data/voxforge_dataset/txt/cmu_us_clb_arctic_arctic_a0155.txt
/mnt/deepspeech2_data/voxforge_dataset/wav/cmu_us_clb_arctic_arctic_b0246.wav,/mnt/deepspeech2_data/voxforge_dataset/txt/cmu_us_clb_arctic_arctic_b0246.txt
/mnt/deepspeech2_data/voxforge_dataset/wav/cmu_us_clb_arctic_arctic_a0174.wav,/mnt/deepspeech2_data/voxforge_dataset/txt/cmu_us_clb_arctic_arctic_a0174.txt
/mnt/deepspeech2_data/voxforge_dataset/wav/cmu_us_clb_arctic_arctic_b0283.wav,/mnt/deepspeech2_data/voxforge_dataset/txt/cmu_us_clb_arctic_arctic_b0283.txt
/mnt/deepspeech2_data/voxforge_dataset/wav/cmu_us_clb_arctic_arctic_a0183.wav,/mnt/deepspeech2_data/voxforge_dataset/txt/cmu_us_clb_arctic_arctic_a0183.txt
/mnt/deepspeech2_data/voxforge_dataset/wav/cmu_us_clb_arctic_arctic_a0241.wav,/mnt/deepspeech2_data/voxforge_dataset/txt/cmu_us_clb_arctic_arctic_a0241.txt
/mnt/deepspeech2_data/voxforge_dataset/wav/cmu_us_clb_arctic_arctic_b0018.wav,/mnt/deepspeech2_data/voxforge_dataset/txt/cmu_us_clb_arctic_arctic_b0018.txt
/mnt/deepspeech2_data/voxforge_dataset/wav/cmu_us_clb_arctic_arctic_a0445.wav,/mnt/deepspeech2_data/voxforge_dataset/txt/cmu_us_clb_arctic_arctic_a0445.txt
/mnt/deepspeech2_data/voxforge_dataset/wav/cmu_us_clb_arctic_arctic_b0346.wav,/mnt/deepspeech2_data/voxforge_dataset/txt/cmu_us_clb_arctic_arctic_b0346.txt
/mnt/deepspeech2_data/voxforge_dataset/wav/cmu_us_clb_arctic_arctic_b0128.wav,/mnt/deepspeech2_data/voxforge_dataset/txt/cmu_us_clb_arctic_arctic_b0128.txt
/mnt/deepspeech2_data/voxforge_dataset/wav/cmu_us_clb_arctic_arctic_a0311.wav,/mnt/deepspeech2_data/voxforge_dataset/txt/cmu_us_clb_arctic_arctic_a0311.txt
/mnt/deepspeech2_data/voxforge_dataset/wav/cmu_us_clb_arctic_arctic_b0130.wav,/mnt/deepspeech2_data/voxforge_dataset/txt/cmu_us_clb_arctic_arctic_b0130.txt
/mnt/deepspeech2_data/voxforge_dataset/wav/cmu_us_clb_arctic_arctic_a0432.wav,/mnt/deepspeech2_data/voxforge_dataset/txt/cmu_us_clb_arctic_arctic_a0432.txt
/mnt/deepspeech2_data/voxforge_dataset/wav/cmu_us_clb_arctic_arctic_a0134.wav,/mnt/deepspeech2_data/voxforge_dataset/txt/cmu_us_clb_arctic_arctic_a0134.txt
/mnt/deepspeech2_data/voxforge_dataset/wav/cmu_us_clb_arctic_arctic_a0066.wav,/mnt/deepspeech2_data/voxforge_dataset/txt/cmu_us_clb_arctic_arctic_a0066.txt
/mnt/deepspeech2_data/voxforge_dataset/wav/cmu_us_clb_arctic_arctic_a0173.wav,/mnt/deepspeech2_data/voxforge_dataset/txt/cmu_us_clb_arctic_arctic_a0173.txt
/mnt/deepspeech2_data/voxforge_dataset/wav/cmu_us_clb_arctic_arctic_a0386.wav,/mnt/deepspeech2_data/voxforge_dataset/txt/cmu_us_clb_arctic_arctic_a0386.txt
/mnt/deepspeech2_data/voxforge_dataset/wav/cmu_us_clb_arctic_arctic_a0259.wav,/mnt/deepspeech2_data/voxforge_dataset/txt/cmu_us_clb_arctic_arctic_a0259.txt
/mnt/deepspeech2_data/voxforge_dataset/wav/cmu_us_clb_arctic_arctic_b0121.wav,/mnt/deepspeech2_data/voxforge_dataset/txt/cmu_us_clb_arctic_arctic_b0121.txt
/mnt/deepspeech2_data/voxforge_dataset/wav/cmu_us_clb_arctic_arctic_a0067.wav,/mnt/deepspeech2_data/voxforge_dataset/txt/cmu_us_clb_arctic_arctic_a0067.txt
/mnt/deepspeech2_data/voxforge_dataset/wav/cmu_us_clb_arctic_arctic_a0127.wav,/mnt/deepspeech2_data/voxforge_dataset/txt/cmu_us_clb_arctic_arctic_a0127.txt
/mnt/deepspeech2_data/voxforge_dataset/wav/cmu_us_clb_arctic_arctic_a0348.wav,/mnt/deepspeech2_data/voxforge_dataset/txt/cmu_us_clb_arctic_arctic_a0348.txt
/mnt/deepspeech2_data/voxforge_dataset/wav/cmu_us_clb_arctic_arctic_a0075.wav,/mnt/deepspeech2_data/voxforge_dataset/txt/cmu_us_clb_arctic_arctic_a0075.txt
/mnt/deepspeech2_data/voxforge_dataset/wav/cmu_us_clb_arctic_arctic_a0514.wav,/mnt/deepspeech2_data/voxforge_dataset/txt/cmu_us_clb_arctic_arctic_a0514.txt
/mnt/deepspeech2_data/voxforge_dataset/wav/cmu_us_clb_arctic_arctic_b0183.wav,/mnt/deepspeech2_data/voxforge_dataset/txt/cmu_us_clb_arctic_arctic_b0183.txt
/mnt/deepspeech2_data/voxforge_dataset/wav/cmu_us_clb_arctic_arctic_a0356.wav,/mnt/deepspeech2_data/voxforge_dataset/txt/cmu_us_clb_arctic_arctic_a0356.txt
/mnt/deepspeech2_data/voxforge_dataset/wav/cmu_us_clb_arctic_arctic_b0034.wav,/mnt/deepspeech2_data/voxforge_dataset/txt/cmu_us_clb_arctic_arctic_b0034.txt
/mnt/deepspeech2_data/voxforge_dataset/wav/cmu_us_clb_arctic_arctic_a0409.wav,/mnt/deepspeech2_data/voxforge_dataset/txt/cmu_us_clb_arctic_arctic_a0409.txt
/mnt/deepspeech2_data/voxforge_dataset/wav/cmu_us_clb_arctic_arctic_a0294.wav,/mnt/deepspeech2_data/voxforge_dataset/txt/cmu_us_clb_arctic_arctic_a0294.txt
/mnt/deepspeech2_data/voxforge_dataset/wav/cmu_us_clb_arctic_arctic_b0264.wav,/mnt/deepspeech2_data/voxforge_dataset/txt/cmu_us_clb_arctic_arctic_b0264.txt
/mnt/deepspeech2_data/voxforge_dataset/wav/cmu_us_clb_arctic_arctic_a0415.wav,/mnt/deepspeech2_data/voxforge_dataset/txt/cmu_us_clb_arctic_arctic_a0415.txt
/mnt/deepspeech2_data/voxforge_dataset/wav/cmu_us_clb_arctic_arctic_b0493.wav,/mnt/deepspeech2_data/voxforge_dataset/txt/cmu_us_clb_arctic_arctic_b0493.txt
/mnt/deepspeech2_data/voxforge_dataset/wav/cmu_us_clb_arctic_arctic_b0274.wav,/mnt/deepspeech2_data/voxforge_dataset/txt/cmu_us_clb_arctic_arctic_b0274.txt
/mnt/deepspeech2_data/voxforge_dataset/wav/cmu_us_clb_arctic_arctic_b0319.wav,/mnt/deepspeech2_data/voxforge_dataset/txt/cmu_us_clb_arctic_arctic_b0319.txt
/mnt/deepspeech2_data/voxforge_dataset/wav/cmu_us_clb_arctic_arctic_b0370.wav,/mnt/deepspeech2_data/voxforge_dataset/txt/cmu_us_clb_arctic_arctic_b0370.txt
/mnt/deepspeech2_data/voxforge_dataset/wav/cmu_us_clb_arctic_arctic_b0009.wav,/mnt/deepspeech2_data/voxforge_dataset/txt/cmu_us_clb_arctic_arctic_b0009.txt
/mnt/deepspeech2_data/voxforge_dataset/wav/cmu_us_clb_arctic_arctic_a0179.wav,/mnt/deepspeech2_data/voxforge_dataset/txt/cmu_us_clb_arctic_arctic_a0179.txt
/mnt/deepspeech2_data/voxforge_dataset/wav/cmu_us_clb_arctic_arctic_b0324.wav,/mnt/deepspeech2_data/voxforge_dataset/txt/cmu_us_clb_arctic_arctic_b0324.txt
/mnt/deepspeech2_data/voxforge_dataset/wav/cmu_us_clb_arctic_arctic_b0118.wav,/mnt/deepspeech2_data/voxforge_dataset/txt/cmu_us_clb_arctic_arctic_b0118.txt
/mnt/deepspeech2_data/voxforge_dataset/wav/cmu_us_clb_arctic_arctic_b0474.wav,/mnt/deepspeech2_data/voxforge_dataset/txt/cmu_us_clb_arctic_arctic_b0474.txt
/mnt/deepspeech2_data/voxforge_dataset/wav/cmu_us_clb_arctic_arctic_a0184.wav,/mnt/deepspeech2_data/voxforge_dataset/txt/cmu_us_clb_arctic_arctic_a0184.txt
/mnt/deepspeech2_data/voxforge_dataset/wav/cmu_us_clb_arctic_arctic_b0455.wav,/mnt/deepspeech2_data/voxforge_dataset/txt/cmu_us_clb_arctic_arctic_b0455.txt
/mnt/deepspeech2_data/voxforge_dataset/wav/cmu_us_clb_arctic_arctic_a0500.wav,/mnt/deepspeech2_data/voxforge_dataset/txt/cmu_us_clb_arctic_arctic_a0500.txt
/mnt/deepspeech2_data/voxforge_dataset/wav/cmu_us_clb_arctic_arctic_b0376.wav,/mnt/deepspeech2_data/voxforge_dataset/txt/cmu_us_clb_arctic_arctic_b0376.txt
/mnt/deepspeech2_data/voxforge_dataset/wav/cmu_us_clb_arctic_arctic_b0081.wav,/mnt/deepspeech2_data/voxforge_dataset/txt/cmu_us_clb_arctic_arctic_b0081.txt
/mnt/deepspeech2_data/voxforge_dataset/wav/cmu_us_clb_arctic_arctic_b0512.wav,/mnt/deepspeech2_data/voxforge_dataset/txt/cmu_us_clb_arctic_arctic_b0512.txt
/mnt/deepspeech2_data/voxforge_dataset/wav/cmu_us_clb_arctic_arctic_a0275.wav,/mnt/deepspeech2_data/voxforge_dataset/txt/cmu_us_clb_arctic_arctic_a0275.txt
/mnt/deepspeech2_data/voxforge_dataset/wav/cmu_us_clb_arctic_arctic_a0171.wav,/mnt/deepspeech2_data/voxforge_dataset/txt/cmu_us_clb_arctic_arctic_a0171.txt
/mnt/deepspeech2_data/voxforge_dataset/wav/cmu_us_clb_arctic_arctic_b0518.wav,/mnt/deepspeech2_data/voxforge_dataset/txt/cmu_us_clb_arctic_arctic_b0518.txt
/mnt/deepspeech2_data/voxforge_dataset/wav/cmu_us_clb_arctic_arctic_a0160.wav,/mnt/deepspeech2_data/voxforge_dataset/txt/cmu_us_clb_arctic_arctic_a0160.txt
/mnt/deepspeech2_data/voxforge_dataset/wav/cmu_us_clb_arctic_arctic_a0007.wav,/mnt/deepspeech2_data/voxforge_dataset/txt/cmu_us_clb_arctic_arctic_a0007.txt
/mnt/deepspeech2_data/voxforge_dataset/wav/cmu_us_clb_arctic_arctic_a0345.wav,/mnt/deepspeech2_data/voxforge_dataset/txt/cmu_us_clb_arctic_arctic_a0345.txt
/mnt/deepspeech2_data/voxforge_dataset/wav/cmu_us_clb_arctic_arctic_a0042.wav,/mnt/deepspeech2_data/voxforge_dataset/txt/cmu_us_clb_arctic_arctic_a0042.txt
/mnt/deepspeech2_data/voxforge_dataset/wav/cmu_us_clb_arctic_arctic_b0187.wav,/mnt/deepspeech2_data/voxforge_dataset/txt/cmu_us_clb_arctic_arctic_b0187.txt
/mnt/deepspeech2_data/voxforge_dataset/wav/cmu_us_clb_arctic_arctic_a0571.wav,/mnt/deepspeech2_data/voxforge_dataset/txt/cmu_us_clb_arctic_arctic_a0571.txt
/mnt/deepspeech2_data/voxforge_dataset/wav/cmu_us_clb_arctic_arctic_b0312.wav,/mnt/deepspeech2_data/voxforge_dataset/txt/cmu_us_clb_arctic_arctic_b0312.txt
/mnt/deepspeech2_data/voxforge_dataset/wav/cmu_us_clb_arctic_arctic_a0025.wav,/mnt/deepspeech2_data/voxforge_dataset/txt/cmu_us_clb_arctic_arctic_a0025.txt
/mnt/deepspeech2_data/voxforge_dataset/wav/cmu_us_clb_arctic_arctic_b0099.wav,/mnt/deepspeech2_data/voxforge_dataset/txt/cmu_us_clb_arctic_arctic_b0099.txt
/mnt/deepspeech2_data/voxforge_dataset/wav/cmu_us_clb_arctic_arctic_a0339.wav,/mnt/deepspeech2_data/voxforge_dataset/txt/cmu_us_clb_arctic_arctic_a0339.txt
/mnt/deepspeech2_data/voxforge_dataset/wav/cmu_us_clb_arctic_arctic_a0190.wav,/mnt/deepspeech2_data/voxforge_dataset/txt/cmu_us_clb_arctic_arctic_a0190.txt
/mnt/deepspeech2_data/voxforge_dataset/wav/cmu_us_clb_arctic_arctic_b0251.wav,/mnt/deepspeech2_data/voxforge_dataset/txt/cmu_us_clb_arctic_arctic_b0251.txt
/mnt/deepspeech2_data/voxforge_dataset/wav/cmu_us_clb_arctic_arctic_a0316.wav,/mnt/deepspeech2_data/voxforge_dataset/txt/cmu_us_clb_arctic_arctic_a0316.txt
/mnt/deepspeech2_data/voxforge_dataset/wav/cmu_us_clb_arctic_arctic_a0367.wav,/mnt/deepspeech2_data/voxforge_dataset/txt/cmu_us_clb_arctic_arctic_a0367.txt
/mnt/deepspeech2_data/voxforge_dataset/wav/cmu_us_clb_arctic_arctic_b0112.wav,/mnt/deepspeech2_data/voxforge_dataset/txt/cmu_us_clb_arctic_arctic_b0112.txt
/mnt/deepspeech2_data/voxforge_dataset/wav/cmu_us_clb_arctic_arctic_a0451.wav,/mnt/deepspeech2_data/voxforge_dataset/txt/cmu_us_clb_arctic_arctic_a0451.txt
/mnt/deepspeech2_data/voxforge_dataset/wav/cmu_us_clb_arctic_arctic_b0016.wav,/mnt/deepspeech2_data/voxforge_dataset/txt/cmu_us_clb_arctic_arctic_b0016.txt
/mnt/deepspeech2_data/voxforge_dataset/wav/cmu_us_clb_arctic_arctic_a0520.wav,/mnt/deepspeech2_data/voxforge_dataset/txt/cmu_us_clb_arctic_arctic_a0520.txt
/mnt/deepspeech2_data/voxforge_dataset/wav/cmu_us_clb_arctic_arctic_b0030.wav,/mnt/deepspeech2_data/voxforge_dataset/txt/cmu_us_clb_arctic_arctic_b0030.txt
/mnt/deepspeech2_data/voxforge_dataset/wav/cmu_us_clb_arctic_arctic_b0411.wav,/mnt/deepspeech2_data/voxforge_dataset/txt/cmu_us_clb_arctic_arctic_b0411.txt
/mnt/deepspeech2_data/voxforge_dataset/wav/cmu_us_clb_arctic_arctic_b0380.wav,/mnt/deepspeech2_data/voxforge_dataset/txt/cmu_us_clb_arctic_arctic_b0380.txt
/mnt/deepspeech2_data/voxforge_dataset/wav/cmu_us_clb_arctic_arctic_a0539.wav,/mnt/deepspeech2_data/voxforge_dataset/txt/cmu_us_clb_arctic_arctic_a0539.txt
/mnt/deepspeech2_data/voxforge_dataset/wav/cmu_us_clb_arctic_arctic_a0053.wav,/mnt/deepspeech2_data/voxforge_dataset/txt/cmu_us_clb_arctic_arctic_a0053.txt
/mnt/deepspeech2_data/voxforge_dataset/wav/cmu_us_clb_arctic_arctic_a0509.wav,/mnt/deepspeech2_data/voxforge_dataset/txt/cmu_us_clb_arctic_arctic_a0509.txt
/mnt/deepspeech2_data/voxforge_dataset/wav/cmu_us_clb_arctic_arctic_a0064.wav,/mnt/deepspeech2_data/voxforge_dataset/txt/cmu_us_clb_arctic_arctic_a0064.txt
/mnt/deepspeech2_data/voxforge_dataset/wav/cmu_us_clb_arctic_arctic_b0433.wav,/mnt/deepspeech2_data/voxforge_dataset/txt/cmu_us_clb_arctic_arctic_b0433.txt
/mnt/deepspeech2_data/voxforge_dataset/wav/cmu_us_clb_arctic_arctic_a0159.wav,/mnt/deepspeech2_data/voxforge_dataset/txt/cmu_us_clb_arctic_arctic_a0159.txt
/mnt/deepspeech2_data/voxforge_dataset/wav/cmu_us_clb_arctic_arctic_b0502.wav,/mnt/deepspeech2_data/voxforge_dataset/txt/cmu_us_clb_arctic_arctic_b0502.txt
/mnt/deepspeech2_data/voxforge_dataset/wav/cmu_us_clb_arctic_arctic_b0438.wav,/mnt/deepspeech2_data/voxforge_dataset/txt/cmu_us_clb_arctic_arctic_b0438.txt
/mnt/deepspeech2_data/voxforge_dataset/wav/cmu_us_clb_arctic_arctic_a0324.wav,/mnt/deepspeech2_data/voxforge_dataset/txt/cmu_us_clb_arctic_arctic_a0324.txt
/mnt/deepspeech2_data/voxforge_dataset/wav/cmu_us_clb_arctic_arctic_b0296.wav,/mnt/deepspeech2_data/voxforge_dataset/txt/cmu_us_clb_arctic_arctic_b0296.txt
/mnt/deepspeech2_data/voxforge_dataset/wav/cmu_us_clb_arctic_arctic_b0141.wav,/mnt/deepspeech2_data/voxforge_dataset/txt/cmu_us_clb_arctic_arctic_b0141.txt
/mnt/deepspeech2_data/voxforge_dataset/wav/cmu_us_clb_arctic_arctic_b0424.wav,/mnt/deepspeech2_data/voxforge_dataset/txt/cmu_us_clb_arctic_arctic_b0424.txt
/mnt/deepspeech2_data/voxforge_dataset/wav/cmu_us_clb_arctic_arctic_b0131.wav,/mnt/deepspeech2_data/voxforge_dataset/txt/cmu_us_clb_arctic_arctic_b0131.txt
/mnt/deepspeech2_data/voxforge_dataset/wav/cmu_us_clb_arctic_arctic_b0429.wav,/mnt/deepspeech2_data/voxforge_dataset/txt/cmu_us_clb_arctic_arctic_b0429.txt
/mnt/deepspeech2_data/voxforge_dataset/wav/cmu_us_clb_arctic_arctic_a0213.wav,/mnt/deepspeech2_data/voxforge_dataset/txt/cmu_us_clb_arctic_arctic_a0213.txt
/mnt/deepspeech2_data/voxforge_dataset/wav/cmu_us_clb_arctic_arctic_a0096.wav,/mnt/deepspeech2_data/voxforge_dataset/txt/cmu_us_clb_arctic_arctic_a0096.txt
/mnt/deepspeech2_data/voxforge_dataset/wav/cmu_us_clb_arctic_arctic_a0095.wav,/mnt/deepspeech2_data/voxforge_dataset/txt/cmu_us_clb_arctic_arctic_a0095.txt
/mnt/deepspeech2_data/voxforge_dataset/wav/cmu_us_clb_arctic_arctic_b0385.wav,/mnt/deepspeech2_data/voxforge_dataset/txt/cmu_us_clb_arctic_arctic_b0385.txt
/mnt/deepspeech2_data/voxforge_dataset/wav/cmu_us_clb_arctic_arctic_b0492.wav,/mnt/deepspeech2_data/voxforge_dataset/txt/cmu_us_clb_arctic_arctic_b0492.txt
/mnt/deepspeech2_data/voxforge_dataset/wav/cmu_us_clb_arctic_arctic_b0247.wav,/mnt/deepspeech2_data/voxforge_dataset/txt/cmu_us_clb_arctic_arctic_b0247.txt
/mnt/deepspeech2_data/voxforge_dataset/wav/cmu_us_clb_arctic_arctic_b0125.wav,/mnt/deepspeech2_data/voxforge_dataset/txt/cmu_us_clb_arctic_arctic_b0125.txt
/mnt/deepspeech2_data/voxforge_dataset/wav/cmu_us_clb_arctic_arctic_b0210.wav,/mnt/deepspeech2_data/voxforge_dataset/txt/cmu_us_clb_arctic_arctic_b0210.txt
/mnt/deepspeech2_data/voxforge_dataset/wav/cmu_us_clb_arctic_arctic_b0366.wav,/mnt/deepspeech2_data/voxforge_dataset/txt/cmu_us_clb_arctic_arctic_b0366.txt
/mnt/deepspeech2_data/voxforge_dataset/wav/cmu_us_clb_arctic_arctic_a0323.wav,/mnt/deepspeech2_data/voxforge_dataset/txt/cmu_us_clb_arctic_arctic_a0323.txt
/mnt/deepspeech2_data/voxforge_dataset/wav/cmu_us_clb_arctic_arctic_a0299.wav,/mnt/deepspeech2_data/voxforge_dataset/txt/cmu_us_clb_arctic_arctic_a0299.txt
/mnt/deepspeech2_data/voxforge_dataset/wav/cmu_us_clb_arctic_arctic_a0588.wav,/mnt/deepspeech2_data/voxforge_dataset/txt/cmu_us_clb_arctic_arctic_a0588.txt
/mnt/deepspeech2_data/voxforge_dataset/wav/cmu_us_clb_arctic_arctic_b0347.wav,/mnt/deepspeech2_data/voxforge_dataset/txt/cmu_us_clb_arctic_arctic_b0347.txt
/mnt/deepspeech2_data/voxforge_dataset/wav/cmu_us_clb_arctic_arctic_a0212.wav,/mnt/deepspeech2_data/voxforge_dataset/txt/cmu_us_clb_arctic_arctic_a0212.txt
/mnt/deepspeech2_data/voxforge_dataset/wav/cmu_us_clb_arctic_arctic_a0249.wav,/mnt/deepspeech2_data/voxforge_dataset/txt/cmu_us_clb_arctic_arctic_a0249.txt
/mnt/deepspeech2_data/voxforge_dataset/wav/cmu_us_clb_arctic_arctic_b0293.wav,/mnt/deepspeech2_data/voxforge_dataset/txt/cmu_us_clb_arctic_arctic_b0293.txt
/mnt/deepspeech2_data/voxforge_dataset/wav/cmu_us_clb_arctic_arctic_b0382.wav,/mnt/deepspeech2_data/voxforge_dataset/txt/cmu_us_clb_arctic_arctic_b0382.txt
/mnt/deepspeech2_data/voxforge_dataset/wav/cmu_us_clb_arctic_arctic_a0250.wav,/mnt/deepspeech2_data/voxforge_dataset/txt/cmu_us_clb_arctic_arctic_a0250.txt
/mnt/deepspeech2_data/voxforge_dataset/wav/cmu_us_clb_arctic_arctic_a0577.wav,/mnt/deepspeech2_data/voxforge_dataset/txt/cmu_us_clb_arctic_arctic_a0577.txt
/mnt/deepspeech2_data/voxforge_dataset/wav/cmu_us_clb_arctic_arctic_b0190.wav,/mnt/deepspeech2_data/voxforge_dataset/txt/cmu_us_clb_arctic_arctic_b0190.txt
/mnt/deepspeech2_data/voxforge_dataset/wav/cmu_us_clb_arctic_arctic_b0191.wav,/mnt/deepspeech2_data/voxforge_dataset/txt/cmu_us_clb_arctic_arctic_b0191.txt
/mnt/deepspeech2_data/voxforge_dataset/wav/cmu_us_rms_arctic_arctic_a0562.wav,/mnt/deepspeech2_data/voxforge_dataset/txt/cmu_us_rms_arctic_arctic_a0562.txt
/mnt/deepspeech2_data/voxforge_dataset/wav/cmu_us_rms_arctic_arctic_a0054.wav,/mnt/deepspeech2_data/voxforge_dataset/txt/cmu_us_rms_arctic_arctic_a0054.txt
/mnt/deepspeech2_data/voxforge_dataset/wav/cmu_us_rms_arctic_arctic_b0092.wav,/mnt/deepspeech2_data/voxforge_dataset/txt/cmu_us_rms_arctic_arctic_b0092.txt
/mnt/deepspeech2_data/voxforge_dataset/wav/cmu_us_rms_arctic_arctic_b0327.wav,/mnt/deepspeech2_data/voxforge_dataset/txt/cmu_us_rms_arctic_arctic_b0327.txt
/mnt/deepspeech2_data/voxforge_dataset/wav/cmu_us_rms_arctic_arctic_b0232.wav,/mnt/deepspeech2_data/voxforge_dataset/txt/cmu_us_rms_arctic_arctic_b0232.txt
/mnt/deepspeech2_data/voxforge_dataset/wav/cmu_us_rms_arctic_arctic_a0317.wav,/mnt/deepspeech2_data/voxforge_dataset/txt/cmu_us_rms_arctic_arctic_a0317.txt
/mnt/deepspeech2_data/voxforge_dataset/wav/cmu_us_rms_arctic_arctic_b0170.wav,/mnt/deepspeech2_data/voxforge_dataset/txt/cmu_us_rms_arctic_arctic_b0170.txt
/mnt/deepspeech2_data/voxforge_dataset/wav/cmu_us_rms_arctic_arctic_b0032.wav,/mnt/deepspeech2_data/voxforge_dataset/txt/cmu_us_rms_arctic_arctic_b0032.txt
/mnt/deepspeech2_data/voxforge_dataset/wav/cmu_us_rms_arctic_arctic_b0178.wav,/mnt/deepspeech2_data/voxforge_dataset/txt/cmu_us_rms_arctic_arctic_b0178.txt
/mnt/deepspeech2_data/voxforge_dataset/wav/cmu_us_rms_arctic_arctic_a0129.wav,/mnt/deepspeech2_data/voxforge_dataset/txt/cmu_us_rms_arctic_arctic_a0129.txt
/mnt/deepspeech2_data/voxforge_dataset/wav/cmu_us_rms_arctic_arctic_a0346.wav,/mnt/deepspeech2_data/voxforge_dataset/txt/cmu_us_rms_arctic_arctic_a0346.txt
/mnt/deepspeech2_data/voxforge_dataset/wav/cmu_us_rms_arctic_arctic_a0205.wav,/mnt/deepspeech2_data/voxforge_dataset/txt/cmu_us_rms_arctic_arctic_a0205.txt
/mnt/deepspeech2_data/voxforge_dataset/wav/cmu_us_rms_arctic_arctic_b0467.wav,/mnt/deepspeech2_data/voxforge_dataset/txt/cmu_us_rms_arctic_arctic_b0467.txt
/mnt/deepspeech2_data/voxforge_dataset/wav/cmu_us_rms_arctic_arctic_a0086.wav,/mnt/deepspeech2_data/voxforge_dataset/txt/cmu_us_rms_arctic_arctic_a0086.txt
/mnt/deepspeech2_data/voxforge_dataset/wav/cmu_us_rms_arctic_arctic_a0278.wav,/mnt/deepspeech2_data/voxforge_dataset/txt/cmu_us_rms_arctic_arctic_a0278.txt
/mnt/deepspeech2_data/voxforge_dataset/wav/cmu_us_rms_arctic_arctic_b0111.wav,/mnt/deepspeech2_data/voxforge_dataset/txt/cmu_us_rms_arctic_arctic_b0111.txt
/mnt/deepspeech2_data/voxforge_dataset/wav/cmu_us_rms_arctic_arctic_a0497.wav,/mnt/deepspeech2_data/voxforge_dataset/txt/cmu_us_rms_arctic_arctic_a0497.txt
/mnt/deepspeech2_data/voxforge_dataset/wav/cmu_us_rms_arctic_arctic_b0239.wav,/mnt/deepspeech2_data/voxforge_dataset/txt/cmu_us_rms_arctic_arctic_b0239.txt
/mnt/deepspeech2_data/voxforge_dataset/wav/cmu_us_rms_arctic_arctic_b0308.wav,/mnt/deepspeech2_data/voxforge_dataset/txt/cmu_us_rms_arctic_arctic_b0308.txt
/mnt/deepspeech2_data/voxforge_dataset/wav/cmu_us_rms_arctic_arctic_b0040.wav,/mnt/deepspeech2_data/voxforge_dataset/txt/cmu_us_rms_arctic_arctic_b0040.txt
/mnt/deepspeech2_data/voxforge_dataset/wav/cmu_us_rms_arctic_arctic_a0470.wav,/mnt/deepspeech2_data/voxforge_dataset/txt/cmu_us_rms_arctic_arctic_a0470.txt
/mnt/deepspeech2_data/voxforge_dataset/wav/cmu_us_rms_arctic_arctic_a0505.wav,/mnt/deepspeech2_data/voxforge_dataset/txt/cmu_us_rms_arctic_arctic_a0505.txt
/mnt/deepspeech2_data/voxforge_dataset/wav/cmu_us_rms_arctic_arctic_a0123.wav,/mnt/deepspeech2_data/voxforge_dataset/txt/cmu_us_rms_arctic_arctic_a0123.txt
/mnt/deepspeech2_data/voxforge_dataset/wav/cmu_us_rms_arctic_arctic_b0369.wav,/mnt/deepspeech2_data/voxforge_dataset/txt/cmu_us_rms_arctic_arctic_b0369.txt
/mnt/deepspeech2_data/voxforge_dataset/wav/cmu_us_rms_arctic_arctic_b0346.wav,/mnt/deepspeech2_data/voxforge_dataset/txt/cmu_us_rms_arctic_arctic_b0346.txt
/mnt/deepspeech2_data/voxforge_dataset/wav/cmu_us_rms_arctic_arctic_a0400.wav,/mnt/deepspeech2_data/voxforge_dataset/txt/cmu_us_rms_arctic_arctic_a0400.txt
/mnt/deepspeech2_data/voxforge_dataset/wav/cmu_us_rms_arctic_arctic_a0201.wav,/mnt/deepspeech2_data/voxforge_dataset/txt/cmu_us_rms_arctic_arctic_a0201.txt
/mnt/deepspeech2_data/voxforge_dataset/wav/cmu_us_rms_arctic_arctic_b0422.wav,/mnt/deepspeech2_data/voxforge_dataset/txt/cmu_us_rms_arctic_arctic_b0422.txt
/mnt/deepspeech2_data/voxforge_dataset/wav/cmu_us_rms_arctic_arctic_a0099.wav,/mnt/deepspeech2_data/voxforge_dataset/txt/cmu_us_rms_arctic_arctic_a0099.txt
/mnt/deepspeech2_data/voxforge_dataset/wav/cmu_us_rms_arctic_arctic_a0293.wav,/mnt/deepspeech2_data/voxforge_dataset/txt/cmu_us_rms_arctic_arctic_a0293.txt
/mnt/deepspeech2_data/voxforge_dataset/wav/cmu_us_rms_arctic_arctic_b0179.wav,/mnt/deepspeech2_data/voxforge_dataset/txt/cmu_us_rms_arctic_arctic_b0179.txt
/mnt/deepspeech2_data/voxforge_dataset/wav/cmu_us_rms_arctic_arctic_a0042.wav,/mnt/deepspeech2_data/voxforge_dataset/txt/cmu_us_rms_arctic_arctic_a0042.txt
/mnt/deepspeech2_data/voxforge_dataset/wav/cmu_us_rms_arctic_arctic_a0428.wav,/mnt/deepspeech2_data/voxforge_dataset/txt/cmu_us_rms_arctic_arctic_a0428.txt
/mnt/deepspeech2_data/voxforge_dataset/wav/cmu_us_rms_arctic_arctic_a0143.wav,/mnt/deepspeech2_data/voxforge_dataset/txt/cmu_us_rms_arctic_arctic_a0143.txt
/mnt/deepspeech2_data/voxforge_dataset/wav/cmu_us_rms_arctic_arctic_a0169.wav,/mnt/deepspeech2_data/voxforge_dataset/txt/cmu_us_rms_arctic_arctic_a0169.txt
/mnt/deepspeech2_data/voxforge_dataset/wav/cmu_us_rms_arctic_arctic_a0348.wav,/mnt/deepspeech2_data/voxforge_dataset/txt/cmu_us_rms_arctic_arctic_a0348.txt
/mnt/deepspeech2_data/voxforge_dataset/wav/cmu_us_rms_arctic_arctic_a0341.wav,/mnt/deepspeech2_data/voxforge_dataset/txt/cmu_us_rms_arctic_arctic_a0341.txt
/mnt/deepspeech2_data/voxforge_dataset/wav/cmu_us_rms_arctic_arctic_a0550.wav,/mnt/deepspeech2_data/voxforge_dataset/txt/cmu_us_rms_arctic_arctic_a0550.txt
/mnt/deepspeech2_data/voxforge_dataset/wav/cmu_us_rms_arctic_arctic_a0374.wav,/mnt/deepspeech2_data/voxforge_dataset/txt/cmu_us_rms_arctic_arctic_a0374.txt
/mnt/deepspeech2_data/voxforge_dataset/wav/cmu_us_rms_arctic_arctic_b0004.wav,/mnt/deepspeech2_data/voxforge_dataset/txt/cmu_us_rms_arctic_arctic_b0004.txt
/mnt/deepspeech2_data/voxforge_dataset/wav/cmu_us_rms_arctic_arctic_a0206.wav,/mnt/deepspeech2_data/voxforge_dataset/txt/cmu_us_rms_arctic_arctic_a0206.txt
/mnt/deepspeech2_data/voxforge_dataset/wav/cmu_us_rms_arctic_arctic_a0518.wav,/mnt/deepspeech2_data/voxforge_dataset/txt/cmu_us_rms_arctic_arctic_a0518.txt
/mnt/deepspeech2_data/voxforge_dataset/wav/cmu_us_rms_arctic_arctic_b0147.wav,/mnt/deepspeech2_data/voxforge_dataset/txt/cmu_us_rms_arctic_arctic_b0147.txt
/mnt/deepspeech2_data/voxforge_dataset/wav/cmu_us_rms_arctic_arctic_b0143.wav,/mnt/deepspeech2_data/voxforge_dataset/txt/cmu_us_rms_arctic_arctic_b0143.txt
/mnt/deepspeech2_data/voxforge_dataset/wav/cmu_us_rms_arctic_arctic_b0007.wav,/mnt/deepspeech2_data/voxforge_dataset/txt/cmu_us_rms_arctic_arctic_b0007.txt
/mnt/deepspeech2_data/voxforge_dataset/wav/cmu_us_rms_arctic_arctic_b0538.wav,/mnt/deepspeech2_data/voxforge_dataset/txt/cmu_us_rms_arctic_arctic_b0538.txt
/mnt/deepspeech2_data/voxforge_dataset/wav/cmu_us_rms_arctic_arctic_b0248.wav,/mnt/deepspeech2_data/voxforge_dataset/txt/cmu_us_rms_arctic_arctic_b0248.txt
/mnt/deepspeech2_data/voxforge_dataset/wav/cmu_us_rms_arctic_arctic_b0161.wav,/mnt/deepspeech2_data/voxforge_dataset/txt/cmu_us_rms_arctic_arctic_b0161.txt
/mnt/deepspeech2_data/voxforge_dataset/wav/cmu_us_rms_arctic_arctic_b0186.wav,/mnt/deepspeech2_data/voxforge_dataset/txt/cmu_us_rms_arctic_arctic_b0186.txt
/mnt/deepspeech2_data/voxforge_dataset/wav/cmu_us_rms_arctic_arctic_a0113.wav,/mnt/deepspeech2_data/voxforge_dataset/txt/cmu_us_rms_arctic_arctic_a0113.txt
/mnt/deepspeech2_data/voxforge_dataset/wav/cmu_us_rms_arctic_arctic_b0451.wav,/mnt/deepspeech2_data/voxforge_dataset/txt/cmu_us_rms_arctic_arctic_b0451.txt
/mnt/deepspeech2_data/voxforge_dataset/wav/cmu_us_rms_arctic_arctic_b0089.wav,/mnt/deepspeech2_data/voxforge_dataset/txt/cmu_us_rms_arctic_arctic_b0089.txt
/mnt/deepspeech2_data/voxforge_dataset/wav/cmu_us_rms_arctic_arctic_a0122.wav,/mnt/deepspeech2_data/voxforge_dataset/txt/cmu_us_rms_arctic_arctic_a0122.txt
/mnt/deepspeech2_data/voxforge_dataset/wav/cmu_us_rms_arctic_arctic_b0399.wav,/mnt/deepspeech2_data/voxforge_dataset/txt/cmu_us_rms_arctic_arctic_b0399.txt
/mnt/deepspeech2_data/voxforge_dataset/wav/cmu_us_rms_arctic_arctic_b0002.wav,/mnt/deepspeech2_data/voxforge_dataset/txt/cmu_us_rms_arctic_arctic_b0002.txt
/mnt/deepspeech2_data/voxforge_dataset/wav/cmu_us_rms_arctic_arctic_a0294.wav,/mnt/deepspeech2_data/voxforge_dataset/txt/cmu_us_rms_arctic_arctic_a0294.txt
/mnt/deepspeech2_data/voxforge_dataset/wav/cmu_us_rms_arctic_arctic_b0512.wav,/mnt/deepspeech2_data/voxforge_dataset/txt/cmu_us_rms_arctic_arctic_b0512.txt
/mnt/deepspeech2_data/voxforge_dataset/wav/cmu_us_rms_arctic_arctic_a0448.wav,/mnt/deepspeech2_data/voxforge_dataset/txt/cmu_us_rms_arctic_arctic_a0448.txt
/mnt/deepspeech2_data/voxforge_dataset/wav/cmu_us_rms_arctic_arctic_b0359.wav,/mnt/deepspeech2_data/voxforge_dataset/txt/cmu_us_rms_arctic_arctic_b0359.txt
/mnt/deepspeech2_data/voxforge_dataset/wav/cmu_us_rms_arctic_arctic_b0237.wav,/mnt/deepspeech2_data/voxforge_dataset/txt/cmu_us_rms_arctic_arctic_b0237.txt
/mnt/deepspeech2_data/voxforge_dataset/wav/cmu_us_rms_arctic_arctic_a0393.wav,/mnt/deepspeech2_data/voxforge_dataset/txt/cmu_us_rms_arctic_arctic_a0393.txt
/mnt/deepspeech2_data/voxforge_dataset/wav/cmu_us_rms_arctic_arctic_b0063.wav,/mnt/deepspeech2_data/voxforge_dataset/txt/cmu_us_rms_arctic_arctic_b0063.txt
/mnt/deepspeech2_data/voxforge_dataset/wav/cmu_us_rms_arctic_arctic_a0260.wav,/mnt/deepspeech2_data/voxforge_dataset/txt/cmu_us_rms_arctic_arctic_a0260.txt
/mnt/deepspeech2_data/voxforge_dataset/wav/cmu_us_rms_arctic_arctic_a0175.wav,/mnt/deepspeech2_data/voxforge_dataset/txt/cmu_us_rms_arctic_arctic_a0175.txt
/mnt/deepspeech2_data/voxforge_dataset/wav/cmu_us_rms_arctic_arctic_a0016.wav,/mnt/deepspeech2_data/voxforge_dataset/txt/cmu_us_rms_arctic_arctic_a0016.txt
/mnt/deepspeech2_data/voxforge_dataset/wav/cmu_us_rms_arctic_arctic_a0275.wav,/mnt/deepspeech2_data/voxforge_dataset/txt/cmu_us_rms_arctic_arctic_a0275.txt
/mnt/deepspeech2_data/voxforge_dataset/wav/cmu_us_rms_arctic_arctic_a0141.wav,/mnt/deepspeech2_data/voxforge_dataset/txt/cmu_us_rms_arctic_arctic_a0141.txt
/mnt/deepspeech2_data/voxforge_dataset/wav/cmu_us_rms_arctic_arctic_b0445.wav,/mnt/deepspeech2_data/voxforge_dataset/txt/cmu_us_rms_arctic_arctic_b0445.txt
/mnt/deepspeech2_data/voxforge_dataset/wav/cmu_us_rms_arctic_arctic_a0568.wav,/mnt/deepspeech2_data/voxforge_dataset/txt/cmu_us_rms_arctic_arctic_a0568.txt
/mnt/deepspeech2_data/voxforge_dataset/wav/cmu_us_rms_arctic_arctic_b0127.wav,/mnt/deepspeech2_data/voxforge_dataset/txt/cmu_us_rms_arctic_arctic_b0127.txt
/mnt/deepspeech2_data/voxforge_dataset/wav/cmu_us_rms_arctic_arctic_a0111.wav,/mnt/deepspeech2_data/voxforge_dataset/txt/cmu_us_rms_arctic_arctic_a0111.txt
/mnt/deepspeech2_data/voxforge_dataset/wav/cmu_us_rms_arctic_arctic_b0168.wav,/mnt/deepspeech2_data/voxforge_dataset/txt/cmu_us_rms_arctic_arctic_b0168.txt
/mnt/deepspeech2_data/voxforge_dataset/wav/cmu_us_rms_arctic_arctic_a0512.wav,/mnt/deepspeech2_data/voxforge_dataset/txt/cmu_us_rms_arctic_arctic_a0512.txt
/mnt/deepspeech2_data/voxforge_dataset/wav/cmu_us_rms_arctic_arctic_b0008.wav,/mnt/deepspeech2_data/voxforge_dataset/txt/cmu_us_rms_arctic_arctic_b0008.txt
/mnt/deepspeech2_data/voxforge_dataset/wav/cmu_us_rms_arctic_arctic_a0108.wav,/mnt/deepspeech2_data/voxforge_dataset/txt/cmu_us_rms_arctic_arctic_a0108.txt
/mnt/deepspeech2_data/voxforge_dataset/wav/cmu_us_rms_arctic_arctic_a0321.wav,/mnt/deepspeech2_data/voxforge_dataset/txt/cmu_us_rms_arctic_arctic_a0321.txt
/mnt/deepspeech2_data/voxforge_dataset/wav/cmu_us_rms_arctic_arctic_b0241.wav,/mnt/deepspeech2_data/voxforge_dataset/txt/cmu_us_rms_arctic_arctic_b0241.txt
/mnt/deepspeech2_data/voxforge_dataset/wav/cmu_us_rms_arctic_arctic_b0188.wav,/mnt/deepspeech2_data/voxforge_dataset/txt/cmu_us_rms_arctic_arctic_b0188.txt
/mnt/deepspeech2_data/voxforge_dataset/wav/cmu_us_rms_arctic_arctic_a0295.wav,/mnt/deepspeech2_data/voxforge_dataset/txt/cmu_us_rms_arctic_arctic_a0295.txt
/mnt/deepspeech2_data/voxforge_dataset/wav/cmu_us_rms_arctic_arctic_a0483.wav,/mnt/deepspeech2_data/voxforge_dataset/txt/cmu_us_rms_arctic_arctic_a0483.txt
/mnt/deepspeech2_data/voxforge_dataset/wav/cmu_us_rms_arctic_arctic_b0489.wav,/mnt/deepspeech2_data/voxforge_dataset/txt/cmu_us_rms_arctic_arctic_b0489.txt
/mnt/deepspeech2_data/voxforge_dataset/wav/cmu_us_rms_arctic_arctic_b0158.wav,/mnt/deepspeech2_data/voxforge_dataset/txt/cmu_us_rms_arctic_arctic_b0158.txt
/mnt/deepspeech2_data/voxforge_dataset/wav/cmu_us_rms_arctic_arctic_a0545.wav,/mnt/deepspeech2_data/voxforge_dataset/txt/cmu_us_rms_arctic_arctic_a0545.txt
/mnt/deepspeech2_data/voxforge_dataset/wav/cmu_us_rms_arctic_arctic_a0168.wav,/mnt/deepspeech2_data/voxforge_dataset/txt/cmu_us_rms_arctic_arctic_a0168.txt
/mnt/deepspeech2_data/voxforge_dataset/wav/cmu_us_rms_arctic_arctic_b0141.wav,/mnt/deepspeech2_data/voxforge_dataset/txt/cmu_us_rms_arctic_arctic_b0141.txt
/mnt/deepspeech2_data/voxforge_dataset/wav/cmu_us_rms_arctic_arctic_a0377.wav,/mnt/deepspeech2_data/voxforge_dataset/txt/cmu_us_rms_arctic_arctic_a0377.txt
/mnt/deepspeech2_data/voxforge_dataset/wav/cmu_us_rms_arctic_arctic_a0211.wav,/mnt/deepspeech2_data/voxforge_dataset/txt/cmu_us_rms_arctic_arctic_a0211.txt
/mnt/deepspeech2_data/voxforge_dataset/wav/cmu_us_rms_arctic_arctic_b0434.wav,/mnt/deepspeech2_data/voxforge_dataset/txt/cmu_us_rms_arctic_arctic_b0434.txt
/mnt/deepspeech2_data/voxforge_dataset/wav/cmu_us_rms_arctic_arctic_b0046.wav,/mnt/deepspeech2_data/voxforge_dataset/txt/cmu_us_rms_arctic_arctic_b0046.txt
/mnt/deepspeech2_data/voxforge_dataset/wav/cmu_us_rms_arctic_arctic_b0038.wav,/mnt/deepspeech2_data/voxforge_dataset/txt/cmu_us_rms_arctic_arctic_b0038.txt
/mnt/deepspeech2_data/voxforge_dataset/wav/cmu_us_rms_arctic_arctic_a0433.wav,/mnt/deepspeech2_data/voxforge_dataset/txt/cmu_us_rms_arctic_arctic_a0433.txt
/mnt/deepspeech2_data/voxforge_dataset/wav/cmu_us_rms_arctic_arctic_b0060.wav,/mnt/deepspeech2_data/voxforge_dataset/txt/cmu_us_rms_arctic_arctic_b0060.txt
/mnt/deepspeech2_data/voxforge_dataset/wav/cmu_us_rms_arctic_arctic_b0247.wav,/mnt/deepspeech2_data/voxforge_dataset/txt/cmu_us_rms_arctic_arctic_b0247.txt
/mnt/deepspeech2_data/voxforge_dataset/wav/cmu_us_rms_arctic_arctic_b0069.wav,/mnt/deepspeech2_data/voxforge_dataset/txt/cmu_us_rms_arctic_arctic_b0069.txt
/mnt/deepspeech2_data/voxforge_dataset/wav/cmu_us_rms_arctic_arctic_a0216.wav,/mnt/deepspeech2_data/voxforge_dataset/txt/cmu_us_rms_arctic_arctic_a0216.txt
/mnt/deepspeech2_data/voxforge_dataset/wav/cmu_us_rms_arctic_arctic_a0503.wav,/mnt/deepspeech2_data/voxforge_dataset/txt/cmu_us_rms_arctic_arctic_a0503.txt
/mnt/deepspeech2_data/voxforge_dataset/wav/cmu_us_rms_arctic_arctic_b0263.wav,/mnt/deepspeech2_data/voxforge_dataset/txt/cmu_us_rms_arctic_arctic_b0263.txt
/mnt/deepspeech2_data/voxforge_dataset/wav/cmu_us_rms_arctic_arctic_a0392.wav,/mnt/deepspeech2_data/voxforge_dataset/txt/cmu_us_rms_arctic_arctic_a0392.txt
/mnt/deepspeech2_data/voxforge_dataset/wav/cmu_us_rms_arctic_arctic_a0238.wav,/mnt/deepspeech2_data/voxforge_dataset/txt/cmu_us_rms_arctic_arctic_a0238.txt
/mnt/deepspeech2_data/voxforge_dataset/wav/cmu_us_rms_arctic_arctic_b0156.wav,/mnt/deepspeech2_data/voxforge_dataset/txt/cmu_us_rms_arctic_arctic_b0156.txt
/mnt/deepspeech2_data/voxforge_dataset/wav/cmu_us_rms_arctic_arctic_a0441.wav,/mnt/deepspeech2_data/voxforge_dataset/txt/cmu_us_rms_arctic_arctic_a0441.txt
/mnt/deepspeech2_data/voxforge_dataset/wav/cmu_us_rms_arctic_arctic_b0148.wav,/mnt/deepspeech2_data/voxforge_dataset/txt/cmu_us_rms_arctic_arctic_b0148.txt
/mnt/deepspeech2_data/voxforge_dataset/wav/cmu_us_rms_arctic_arctic_b0124.wav,/mnt/deepspeech2_data/voxforge_dataset/txt/cmu_us_rms_arctic_arctic_b0124.txt
/mnt/deepspeech2_data/voxforge_dataset/wav/cmu_us_rms_arctic_arctic_b0303.wav,/mnt/deepspeech2_data/voxforge_dataset/txt/cmu_us_rms_arctic_arctic_b0303.txt
/mnt/deepspeech2_data/voxforge_dataset/wav/cmu_us_rms_arctic_arctic_a0531.wav,/mnt/deepspeech2_data/voxforge_dataset/txt/cmu_us_rms_arctic_arctic_a0531.txt
/mnt/deepspeech2_data/voxforge_dataset/wav/cmu_us_rms_arctic_arctic_b0439.wav,/mnt/deepspeech2_data/voxforge_dataset/txt/cmu_us_rms_arctic_arctic_b0439.txt
/mnt/deepspeech2_data/voxforge_dataset/wav/cmu_us_rms_arctic_arctic_a0430.wav,/mnt/deepspeech2_data/voxforge_dataset/txt/cmu_us_rms_arctic_arctic_a0430.txt
/mnt/deepspeech2_data/voxforge_dataset/wav/cmu_us_rms_arctic_arctic_a0250.wav,/mnt/deepspeech2_data/voxforge_dataset/txt/cmu_us_rms_arctic_arctic_a0250.txt
/mnt/deepspeech2_data/voxforge_dataset/wav/cmu_us_rms_arctic_arctic_a0502.wav,/mnt/deepspeech2_data/voxforge_dataset/txt/cmu_us_rms_arctic_arctic_a0502.txt
/mnt/deepspeech2_data/voxforge_dataset/wav/cmu_us_rms_arctic_arctic_b0281.wav,/mnt/deepspeech2_data/voxforge_dataset/txt/cmu_us_rms_arctic_arctic_b0281.txt
/mnt/deepspeech2_data/voxforge_dataset/wav/cmu_us_rms_arctic_arctic_a0577.wav,/mnt/deepspeech2_data/voxforge_dataset/txt/cmu_us_rms_arctic_arctic_a0577.txt
/mnt/deepspeech2_data/voxforge_dataset/wav/cmu_us_rms_arctic_arctic_a0429.wav,/mnt/deepspeech2_data/voxforge_dataset/txt/cmu_us_rms_arctic_arctic_a0429.txt
/mnt/deepspeech2_data/voxforge_dataset/wav/cmu_us_rms_arctic_arctic_a0375.wav,/mnt/deepspeech2_data/voxforge_dataset/txt/cmu_us_rms_arctic_arctic_a0375.txt
